X_Value,Base,Z1_Value,Variation,Y_Value,Z_Value
1,534551.1875,-94021.1875,-49177.875,485373.3125,440530
2,534551.1875,-94411.15625,-49531.5,485019.6875,440140.0313
3,534551.1875,-94798.15625,-49934.09375,484617.0938,439753.0313
4,534551.1875,-95182.21875,-50384.09375,484167.0938,439368.9688
5,534551.1875,-95563.36719,-50880,483671.1875,438987.8203
6,534551.1875,-95941.61719,-51420.34375,483130.8438,438609.5703
7,534551.1875,-96317.00781,-52003.5625,482547.625,438234.1797
8,534551.1875,-96689.54688,-52628.1875,481923,437861.6406
9,534551.1875,-97059.27344,-53292.6875,481258.5,437491.9141
10,534551.1875,-97426.21094,-53995.53125,480555.6563,437124.9766
11,534551.1875,-97790.38281,-54735.25,479815.9375,436760.8047
12,534551.1875,-98151.8125,-55510.34375,479040.8438,436399.375
13,534551.1875,-98510.52344,-56319.25,478231.9375,436040.6641
14,534551.1875,-98866.53906,-57160.46875,477390.7188,435684.6484
15,534551.1875,-99219.89063,-58032.53125,476518.6563,435331.2969
16,534551.1875,-99570.59375,-58933.90625,475617.2813,434980.5938
17,534551.1875,-99918.6875,-59863.0625,474688.125,434632.5
18,534551.1875,-100264.1875,-60818.5,473732.6875,434287
19,534551.1875,-100607.1172,-61798.71875,472752.4688,433944.0703
20,534551.1875,-100947.5,-62802.21875,471748.9688,433603.6875
21,534551.1875,-101285.3672,-63827.46875,470723.7188,433265.8203
22,534551.1875,-101620.75,-64872.96875,469678.2188,432930.4375
23,534551.1875,-101953.6563,-65937.1875,468614,432597.5312
24,534551.1875,-102284.1172,-67018.65625,467532.5313,432267.0703
25,534551.1875,-102612.1641,-68115.84375,466435.3438,431939.0234
26,534551.1875,-102937.8203,-69227.21875,465323.9688,431613.3672
27,534551.1875,-103261.1016,-70351.3125,464199.875,431290.0859
28,534551.1875,-103582.0391,-71486.5625,463064.625,430969.1484
29,534551.1875,-103900.6641,-72631.5,461919.6875,430650.5234
30,534551.1875,-104216.9922,-73784.625,460766.5625,430334.1953
31,534551.1875,-104531.0469,-74944.375,459606.8125,430020.1406
32,534551.1875,-104842.8594,-76109.28125,458441.9063,429708.3281
33,534551.1875,-105152.4609,-77277.8125,457273.375,429398.7266
34,534551.1875,-105459.8594,-78448.5,456102.6875,429091.3281
35,534551.1875,-105765.0859,-79619.78125,454931.4063,428786.1016
36,534551.1875,-106068.1719,-80790.15625,453761.0313,428483.0156
37,534551.1875,-106369.1406,-81958.125,452593.0625,428182.0469
38,534551.1875,-106668.0156,-83122.21875,451428.9688,427883.1719
39,534551.1875,-106964.8203,-84280.84375,450270.3438,427586.3672
40,534551.1875,-107259.5781,-85432.5625,449118.625,427291.6094
41,534551.1875,-107552.3125,-86575.8125,447975.375,426998.875
42,534551.1875,-107843.0547,-87709.125,446842.0625,426708.1328
43,534551.1875,-108131.8281,-88830.96875,445720.2188,426419.3594
44,534551.1875,-108418.6563,-89939.8125,444611.375,426132.5312
45,534551.1875,-108703.5625,-91034.1875,443517,425847.625
46,534551.1875,-108986.5703,-92112.59375,442438.5938,425564.6172
47,534551.1875,-109267.7109,-93173.46875,441377.7188,425283.4766
48,534551.1875,-109547,-94215.3125,440335.875,425004.1875
49,534551.1875,-109824.4766,-95236.65625,439314.5313,424726.7109
50,534551.1875,-110100.1563,-96235.9375,438315.25,424451.0312
51,534551.1875,-110374.0625,-97211.6875,437339.5,424177.125
52,534551.1875,-110646.2188,-98162.375,436388.8125,423904.9687
53,534551.1875,-110916.6563,-99086.5,435464.6875,423634.5312
54,534551.1875,-111185.3984,-99982.5625,434568.625,423365.7891
55,534551.1875,-111452.4688,-100849,433702.1875,423098.7187
56,534551.1875,-111717.8984,-101684.375,432866.8125,422833.2891
57,534551.1875,-111981.6953,-102487.125,432064.0625,422569.4922
58,534551.1875,-112243.9063,-103255.75,431295.4375,422307.2812
59,534551.1875,-112504.5391,-103988.75,430562.4375,422046.6484
60,534551.1875,-112763.625,-104684.625,429866.5625,421787.5625
61,534551.1875,-113021.1875,-105341.8438,429209.3437,421530
62,534551.1875,-113277.2578,-105959.3125,428591.875,421273.9297
63,534551.1875,-113531.8516,-106537.4688,428013.7187,421019.3359
64,534551.1875,-113785,-107077.1563,427474.0312,420766.1875
65,534551.1875,-114036.7188,-107579.3125,426971.875,420514.4687
66,534551.1875,-114287.0469,-108044.6875,426506.5,420264.1406
67,534551.1875,-114536.0078,-108474.2188,426076.9687,420015.1797
68,534551.1875,-114783.6094,-108868.75,425682.4375,419767.5781
69,534551.1875,-115029.8984,-109229.125,425322.0625,419521.2891
70,534551.1875,-115274.8828,-109556.1875,424995,419276.3047
71,534551.1875,-115518.5938,-109850.8438,424700.3437,419032.5937
72,534551.1875,-115761.0547,-110113.9063,424437.2812,418790.1328
73,534551.1875,-116002.2969,-110346.25,424204.9375,418548.8906
74,534551.1875,-116242.3438,-110548.7188,424002.4687,418308.8437
75,534551.1875,-116481.2109,-110722.1875,423829,418069.9766
76,534551.1875,-116718.9297,-110867.5,423683.6875,417832.2578
77,534551.1875,-116955.5313,-110985.5313,423565.6562,417595.6562
78,534551.1875,-117191.0234,-111077.1563,423474.0312,417360.1641
79,534551.1875,-117425.4453,-111143.1875,423408,417125.7422
80,534551.1875,-117658.8203,-111184.5,423366.6875,416892.3672
81,534551.1875,-117891.1719,-111201.9375,423349.25,416660.0156
82,534551.1875,-118122.5234,-111196.4063,423354.7812,416428.6641
83,534551.1875,-118352.8984,-111168.7188,423382.4687,416198.2891
84,534551.1875,-118582.3281,-111119.75,423431.4375,415968.8594
85,534551.1875,-118810.8359,-111050.375,423500.8125,415740.3516
86,534551.1875,-119038.4375,-110961.4063,423589.7812,415512.75
87,534551.1875,-119265.1641,-110853.7188,423697.4687,415286.0234
88,534551.1875,-119491.0391,-110728.2188,423822.9687,415060.1484
89,534551.1875,-119716.0938,-110585.6875,423965.5,414835.0937
90,534551.1875,-119940.3516,-110427.0313,424124.1562,414610.8359
91,534551.1875,-120163.8281,-110253.125,424298.0625,414387.3594
92,534551.1875,-120386.5547,-110064.75,424486.4375,414164.6328
93,534551.1875,-120608.5547,-109862.8438,424688.3437,413942.6328
94,534551.1875,-120829.8594,-109648.25,424902.9375,413721.3281
95,534551.1875,-121050.4844,-109421.7813,425129.4062,413500.7031
96,534551.1875,-121270.4609,-109184.3438,425366.8437,413280.7266
97,534551.1875,-121489.8125,-108936.75,425614.4375,413061.375
98,534551.1875,-121708.5625,-108679.9063,425871.2812,412842.625
99,534551.1875,-121926.7344,-108414.625,426136.5625,412624.4531
100,534551.1875,-122144.3516,-108141.8125,426409.375,412406.8359
101,534551.1875,-122361.4453,-107862.2813,426688.9062,412189.7422
102,534551.1875,-122578.0391,-107576.9375,426974.25,411973.1484
103,534551.1875,-122794.1563,-107286.5938,427264.5937,411757.0312
104,534551.1875,-123009.8281,-106992.125,427559.0625,411541.3594
105,534551.1875,-123225.0625,-106694.375,427856.8125,411326.125
106,534551.1875,-123439.9063,-106394.25,428156.9375,411111.2812
107,534551.1875,-123654.3672,-106092.5625,428458.625,410896.8203
108,534551.1875,-123868.4766,-105790.1563,428761.0312,410682.7109
109,534551.1875,-124082.2578,-105487.9375,429063.25,410468.9297
110,534551.1875,-124295.7344,-105186.75,429364.4375,410255.4531
111,534551.1875,-124508.9375,-104887.4375,429663.75,410042.25
112,534551.1875,-124721.8828,-104590.875,429960.3125,409829.3047
113,534551.1875,-124934.6094,-104297.875,430253.3125,409616.5781
114,534551.1875,-125147.125,-104009.3438,430541.8437,409404.0625
115,534551.1875,-125359.4688,-103726.1563,430825.0312,409191.7187
116,534551.1875,-125571.6641,-103449.0938,431102.0937,408979.5234
117,534551.1875,-125783.7188,-103179.0938,431372.0937,408767.4687
118,534551.1875,-125995.6797,-102916.9688,431634.2187,408555.5078
119,534551.1875,-126207.5625,-102663.5938,431887.5937,408343.625
120,534551.1875,-126419.3906,-102419.8125,432131.375,408131.7969
121,534551.1875,-126631.1875,-102186.5,432364.6875,407920
122,534551.1875,-126842.9688,-101964.3125,432586.875,407708.2187
123,534551.1875,-127054.6797,-101753.1875,432798,407496.5078
124,534551.1875,-127266.2656,-101552.8125,432998.375,407284.9219
125,534551.1875,-127477.6484,-101362.9375,433188.25,407073.5391
126,534551.1875,-127688.7734,-101183.2813,433367.9062,406862.4141
127,534551.1875,-127899.5703,-101013.5625,433537.625,406651.6172
128,534551.1875,-128109.9844,-100853.5313,433697.6562,406441.2031
129,534551.1875,-128319.9453,-100702.9063,433848.2812,406231.2422
130,534551.1875,-128529.3906,-100561.4063,433989.7812,406021.7969
131,534551.1875,-128738.25,-100428.75,434122.4375,405812.9375
132,534551.1875,-128946.4609,-100304.6563,434246.5312,405604.7266
133,534551.1875,-129153.9688,-100188.9063,434362.2812,405397.2187
134,534551.1875,-129360.7031,-100081.1563,434470.0312,405190.4844
135,534551.1875,-129566.5938,-99981.15625,434570.0313,404984.5937
136,534551.1875,-129771.5859,-99888.65625,434662.5313,404779.6016
137,534551.1875,-129975.6094,-99803.34375,434747.8438,404575.5781
138,534551.1875,-130178.6016,-99724.96875,434826.2188,404372.5859
139,534551.1875,-130380.5078,-99653.28125,434897.9063,404170.6797
140,534551.1875,-130581.2422,-99587.9375,434963.25,403969.9453
141,534551.1875,-130780.7578,-99528.71875,435022.4688,403770.4297
142,534551.1875,-130978.9922,-99475.34375,435075.8438,403572.1953
143,534551.1875,-131175.875,-99427.53125,435123.6563,403375.3125
144,534551.1875,-131371.3281,-99385,435166.1875,403179.8594
145,534551.1875,-131565.3125,-99347.46875,435203.7188,402985.875
146,534551.1875,-131757.75,-99314.6875,435236.5,402793.4375
147,534551.1875,-131948.5781,-99286.375,435264.8125,402602.6094
148,534551.1875,-132137.7344,-99262.25,435288.9375,402413.4531
149,534551.1875,-132325.1563,-99242.03125,435309.1563,402226.0312
150,534551.1875,-132510.7656,-99225.46875,435325.7188,402040.4219
151,534551.1875,-132694.5156,-99212.28125,435338.9063,401856.6719
152,534551.1875,-132876.3438,-99202.1875,435349,401674.8437
153,534551.1875,-133056.1719,-99194.90625,435356.2813,401495.0156
154,534551.1875,-133233.9375,-99190.15625,435361.0313,401317.25
155,534551.1875,-133409.5938,-99187.6875,435363.5,401141.5937
156,534551.1875,-133583.0469,-99187.21875,435363.9688,400968.1406
157,534551.1875,-133754.2656,-99188.5,435362.6875,400796.9219
158,534551.1875,-133923.1563,-99191.1875,435360,400628.0312
159,534551.1875,-134089.6719,-99195.0625,435356.125,400461.5156
160,534551.1875,-134253.75,-99199.875,435351.3125,400297.4375
161,534551.1875,-134415.3125,-99205.28125,435345.9063,400135.875
162,534551.1875,-134574.3125,-99211.03125,435340.1563,399976.875
163,534551.1875,-134730.6719,-99216.875,435334.3125,399820.5156
164,534551.1875,-134884.3281,-99222.53125,435328.6563,399666.8594
165,534551.1875,-135035.2188,-99227.6875,435323.5,399515.9687
166,534551.1875,-135183.2813,-99232.125,435319.0625,399367.9062
167,534551.1875,-135328.4531,-99235.5625,435315.625,399222.7344
168,534551.1875,-135470.6719,-99237.6875,435313.5,399080.5156
169,534551.1875,-135609.875,-99238.25,435312.9375,398941.3125
170,534551.1875,-135745.9844,-99236.96875,435314.2188,398805.2031
171,534551.1875,-135878.9375,-99233.5625,435317.625,398672.25
172,534551.1875,-136008.6875,-99227.78125,435323.4063,398542.5
173,534551.1875,-136135.1563,-99219.3125,435331.875,398416.0312
174,534551.1875,-136258.2813,-99207.9375,435343.25,398292.9062
175,534551.1875,-136378,-99193.34375,435357.8438,398173.1875
176,534551.1875,-136494.25,-99175.28125,435375.9063,398056.9375
177,534551.1875,-136606.9688,-99153.4375,435397.75,397944.2187
178,534551.1875,-136716.0781,-99127.5625,435423.625,397835.1094
179,534551.1875,-136821.5313,-99097.375,435453.8125,397729.6562
180,534551.1875,-136923.25,-99062.625,435488.5625,397627.9375
181,534551.1875,-137021.1875,-99023,435528.1875,397530
182,534551.1875,-137115.2813,-98978.3125,435572.875,397435.9062
183,534551.1875,-137205.5938,-98928.53125,435622.6563,397345.5937
184,534551.1875,-137292.1875,-98873.75,435677.4375,397259
185,534551.1875,-137375.1406,-98813.96875,435737.2188,397176.0469
186,534551.1875,-137454.5,-98749.28125,435801.9063,397096.6875
187,534551.1875,-137530.3438,-98679.71875,435871.4688,397020.8437
188,534551.1875,-137602.75,-98605.34375,435945.8438,396948.4375
189,534551.1875,-137671.7813,-98526.1875,436025,396879.4062
190,534551.1875,-137737.5,-98442.34375,436108.8438,396813.6875
191,534551.1875,-137799.9844,-98353.8125,436197.375,396751.2031
192,534551.1875,-137859.2969,-98260.6875,436290.5,396691.8906
193,534551.1875,-137915.5156,-98163,436388.1875,396635.6719
194,534551.1875,-137968.6875,-98060.8125,436490.375,396582.5
195,534551.1875,-138018.9063,-97954.1875,436597,396532.2812
196,534551.1875,-138066.2188,-97843.125,436708.0625,396484.9687
197,534551.1875,-138110.7188,-97727.75,436823.4375,396440.4687
198,534551.1875,-138152.4531,-97608.0625,436943.125,396398.7344
199,534551.1875,-138191.5,-97484.125,437067.0625,396359.6875
200,534551.1875,-138227.9219,-97356,437195.1875,396323.2656
201,534551.1875,-138261.7969,-97223.75,437327.4375,396289.3906
202,534551.1875,-138293.1875,-97087.40625,437463.7813,396258
203,534551.1875,-138322.1563,-96947,437604.1875,396229.0312
204,534551.1875,-138348.7813,-96802.625,437748.5625,396202.4062
205,534551.1875,-138373.125,-96654.34375,437896.8438,396178.0625
206,534551.1875,-138395.2656,-96502.15625,438049.0313,396155.9219
207,534551.1875,-138415.2656,-96346.125,438205.0625,396135.9219
208,534551.1875,-138433.1875,-96186.34375,438364.8438,396118
209,534551.1875,-138449.1094,-96022.84375,438528.3438,396102.0781
210,534551.1875,-138463.0938,-95855.65625,438695.5313,396088.0937
211,534551.1875,-138475.2188,-95684.875,438866.3125,396075.9687
212,534551.1875,-138485.5469,-95510.5,439040.6875,396065.6406
213,534551.1875,-138494.1406,-95332.625,439218.5625,396057.0469
214,534551.1875,-138501.0625,-95151.28125,439399.9063,396050.125
215,534551.1875,-138506.4063,-94966.5,439584.6875,396044.7812
216,534551.1875,-138510.2188,-94778.40625,439772.7813,396040.9687
217,534551.1875,-138512.5938,-94586.96875,439964.2188,396038.5937
218,534551.1875,-138513.5625,-94392.3125,440158.875,396037.625
219,534551.1875,-138513.2188,-94194.40625,440356.7813,396037.9687
220,534551.1875,-138511.625,-93993.40625,440557.7813,396039.5625
221,534551.1875,-138508.8594,-93789.25,440761.9375,396042.3281
222,534551.1875,-138504.9844,-93582.09375,440969.0938,396046.2031
223,534551.1875,-138500.0469,-93371.9375,441179.25,396051.1406
224,534551.1875,-138494.1563,-93158.8125,441392.375,396057.0312
225,534551.1875,-138487.3438,-92942.8125,441608.375,396063.8437
226,534551.1875,-138479.7031,-92723.96875,441827.2188,396071.4844
227,534551.1875,-138471.2813,-92502.34375,442048.8438,396079.9062
228,534551.1875,-138462.1719,-92278,442273.1875,396089.0156
229,534551.1875,-138452.4219,-92050.96875,442500.2188,396098.7656
230,534551.1875,-138442.125,-91821.28125,442729.9063,396109.0625
231,534551.1875,-138431.3125,-91589.0625,442962.125,396119.875
232,534551.1875,-138420.0938,-91354.28125,443196.9063,396131.0937
233,534551.1875,-138408.5,-91117.03125,443434.1563,396142.6875
234,534551.1875,-138396.625,-90877.375,443673.8125,396154.5625
235,534551.1875,-138384.5313,-90635.34375,443915.8438,396166.6562
236,534551.1875,-138372.2813,-90391,444160.1875,396178.9062
237,534551.1875,-138359.9531,-90144.375,444406.8125,396191.2344
238,534551.1875,-138347.6094,-89895.5625,444655.625,396203.5781
239,534551.1875,-138335.3281,-89644.5625,444906.625,396215.8594
240,534551.1875,-138323.1563,-89391.46875,445159.7188,396228.0312
241,534551.1875,-138311.1875,-89136.3125,445414.875,396240
242,534551.1875,-138299.4688,-88879.09375,445672.0938,396251.7187
243,534551.1875,-138288.0781,-88619.625,445931.5625,396263.1094
244,534551.1875,-138277.0469,-88357.5625,446193.625,396274.1406
245,534551.1875,-138266.4531,-88092.71875,446458.4688,396284.7344
246,534551.1875,-138256.3438,-87824.78125,446726.4063,396294.8437
247,534551.1875,-138246.7969,-87553.4375,446997.75,396304.3906
248,534551.1875,-138237.8281,-87278.5,447272.6875,396313.3594
249,534551.1875,-138229.5313,-86999.625,447551.5625,396321.6562
250,534551.1875,-138221.9531,-86716.59375,447834.5938,396329.2344
251,534551.1875,-138215.1406,-86429.0625,448122.125,396336.0469
252,534551.1875,-138209.1719,-86136.84375,448414.3438,396342.0156
253,534551.1875,-138204.0781,-85839.625,448711.5625,396347.1094
254,534551.1875,-138199.9375,-85537.125,449014.0625,396351.25
255,534551.1875,-138196.7813,-85229.0625,449322.125,396354.4062
256,534551.1875,-138194.7031,-84915.1875,449636,396356.4844
257,534551.1875,-138193.7344,-84595.25,449955.9375,396357.4531
258,534551.1875,-138193.9375,-84268.9375,450282.25,396357.25
259,534551.1875,-138195.375,-83936,450615.1875,396355.8125
260,534551.1875,-138198.0938,-83596.125,450955.0625,396353.0937
261,534551.1875,-138202.1563,-83249.09375,451302.0938,396349.0312
262,534551.1875,-138207.6094,-82894.625,451656.5625,396343.5781
263,534551.1875,-138214.5313,-82532.40625,452018.7813,396336.6562
264,534551.1875,-138222.9688,-82162.21875,452388.9688,396328.2187
265,534551.1875,-138232.9844,-81783.75,452767.4375,396318.2031
266,534551.1875,-138244.6094,-81396.75,453154.4375,396306.5781
267,534551.1875,-138257.9375,-81000.90625,453550.2813,396293.25
268,534551.1875,-138273,-80596.03125,453955.1563,396278.1875
269,534551.1875,-138289.875,-80181.75,454369.4375,396261.3125
270,534551.1875,-138308.5938,-79757.875,454793.3125,396242.5937
271,534551.1875,-138329.2188,-79324.09375,455227.0938,396221.9687
272,534551.1875,-138351.8281,-78880.125,455671.0625,396199.3594
273,534551.1875,-138376.4688,-78425.71875,456125.4688,396174.7187
274,534551.1875,-138403.1875,-77960.59375,456590.5938,396148
275,534551.1875,-138432.0469,-77484.46875,457066.7188,396119.1406
276,534551.1875,-138463.1094,-76997.09375,457554.0938,396088.0781
277,534551.1875,-138496.4375,-76498.15625,458053.0313,396054.75
278,534551.1875,-138532.0625,-75987.4375,458563.75,396019.125
279,534551.1875,-138570.0625,-75464.65625,459086.5313,395981.125
280,534551.1875,-138610.5,-74929.5,459621.6875,395940.6875
281,534551.1875,-138653.4063,-74381.71875,460169.4688,395897.7812
282,534551.1875,-138698.8594,-73821.03125,460730.1563,395852.3281
283,534551.1875,-138746.9063,-73247.1875,461304,395804.2812
284,534551.1875,-138797.625,-72659.90625,461891.2813,395753.5625
285,534551.1875,-138851.0469,-72058.90625,462492.2813,395700.1406
286,534551.1875,-138907.2344,-71443.9375,463107.25,395643.9531
287,534551.1875,-138966.25,-70814.6875,463736.5,395584.9375
288,534551.1875,-139028.1406,-70170.90625,464380.2813,395523.0469
289,534551.1875,-139092.9844,-69512.34375,465038.8438,395458.2031
290,534551.1875,-139160.8281,-68838.6875,465712.5,395390.3594
291,534551.1875,-139231.7188,-68149.6875,466401.5,395319.4687
292,534551.1875,-139305.7188,-67445.0625,467106.125,395245.4687
293,534551.1875,-139382.8906,-66724.5625,467826.625,395168.2969
294,534551.1875,-139463.2969,-65987.875,468563.3125,395087.8906
295,534551.1875,-139546.9688,-65234.78125,469316.4063,395004.2187
296,534551.1875,-139634,-64464.9375,470086.25,394917.1875
297,534551.1875,-139724.4063,-63678.15625,470873.0313,394826.7812
298,534551.1875,-139818.2813,-62874.09375,471677.0938,394732.9062
299,534551.1875,-139915.6563,-62052.5,472498.6875,394635.5312
300,534551.1875,-140016.6094,-61213.125,473338.0625,394534.5781
301,534551.1875,-140121.1875,-60355.6875,474195.5,394430
302,534551.1875,-140229.3906,-59480.03125,475071.1563,394321.7969
303,534551.1875,-140341,-58586.65625,475964.5313,394210.1875
304,534551.1875,-140455.7188,-57676.125,476875.0625,394095.4687
305,534551.1875,-140573.2969,-56749.0625,477802.125,393977.8906
306,534551.1875,-140693.4531,-55806.0625,478745.125,393857.7344
307,534551.1875,-140815.8906,-54847.75,479703.4375,393735.2969
308,534551.1875,-140940.3594,-53874.6875,480676.5,393610.8281
309,534551.1875,-141066.5469,-52887.5,481663.6875,393484.6406
310,534551.1875,-141194.2031,-51886.78125,482664.4063,393356.9844
311,534551.1875,-141323.0313,-50873.125,483678.0625,393228.1562
312,534551.1875,-141452.7813,-49847.15625,484704.0313,393098.4062
313,534551.1875,-141583.1406,-48809.46875,485741.7188,392968.0469
314,534551.1875,-141713.8594,-47760.65625,486790.5313,392837.3281
315,534551.1875,-141844.6406,-46701.34375,487849.8438,392706.5469
316,534551.1875,-141975.2188,-45632.09375,488919.0938,392575.9687
317,534551.1875,-142105.2969,-44553.53125,489997.6563,392445.8906
318,534551.1875,-142234.625,-43466.28125,491084.9063,392316.5625
319,534551.1875,-142362.9219,-42370.90625,492180.2813,392188.2656
320,534551.1875,-142489.875,-41268,493283.1875,392061.3125
321,534551.1875,-142615.25,-40158.21875,494392.9688,391935.9375
322,534551.1875,-142738.75,-39042.125,495509.0625,391812.4375
323,534551.1875,-142860.0938,-37920.3125,496630.875,391691.0937
324,534551.1875,-142979,-36793.4375,497757.75,391572.1875
325,534551.1875,-143095.2031,-35662.03125,498889.1563,391455.9844
326,534551.1875,-143208.4219,-34526.75,500024.4375,391342.7656
327,534551.1875,-143318.375,-33388.15625,501163.0313,391232.8125
328,534551.1875,-143424.7969,-32246.875,502304.3125,391126.3906
329,534551.1875,-143527.3906,-31103.5,503447.6875,391023.7969
330,534551.1875,-143625.875,-29958.625,504592.5625,390925.3125
331,534551.1875,-143720,-28812.90625,505738.2813,390831.1875
332,534551.1875,-143809.4688,-27666.875,506884.3125,390741.7187
333,534551.1875,-143894,-26521.15625,508030.0313,390657.1875
334,534551.1875,-143973.3281,-25376.34375,509174.8438,390577.8594
335,534551.1875,-144047.1719,-24233.0625,510318.125,390504.0156
336,534551.1875,-144115.25,-23091.9375,511459.25,390435.9375
337,534551.1875,-144177.2969,-21953.5,512597.6875,390373.8906
338,534551.1875,-144233,-20818.40625,513732.7813,390318.1875
339,534551.1875,-144282.125,-19687.21875,514863.9688,390269.0625
340,534551.1875,-144324.375,-18560.5625,515990.625,390226.8125
341,534551.1875,-144359.4531,-17439.0625,517112.125,390191.7344
342,534551.1875,-144387.1094,-16323.28125,518227.9063,390164.0781
343,534551.1875,-144407.0625,-15213.84375,519337.3438,390144.125
344,534551.1875,-144419.0313,-14111.34375,520439.8438,390132.1562
345,534551.1875,-144422.7188,-13016.375,521534.8125,390128.4687
346,534551.1875,-144417.875,-11929.5625,522621.625,390133.3125
347,534551.1875,-144404.2188,-10851.5,523699.6875,390146.9687
348,534551.1875,-144381.4531,-9782.75,524768.4375,390169.7344
349,534551.1875,-144349.3125,-8724,525827.1875,390201.875
350,534551.1875,-144307.5156,-7675.75,526875.4375,390243.6719
351,534551.1875,-144255.7969,-6638.6875,527912.5,390295.3906
352,534551.1875,-144193.8594,-5613.3125,528937.875,390357.3281
353,534551.1875,-144121.4375,-4600.375,529950.8125,390429.75
354,534551.1875,-144038.25,-3600.375,530950.8125,390512.9375
355,534551.1875,-143944.0313,-2613.875,531937.3125,390607.1562
356,534551.1875,-143838.4688,-1641.625,532909.5625,390712.7187
357,534551.1875,-143721.3281,-684.0625,533867.125,390829.8594
358,534551.1875,-143592.2969,258.0625,534809.25,390958.8906
359,534551.1875,-143451.125,1184.3125,535735.5,391100.0625
360,534551.1875,-143297.5156,2093.9375,536645.125,391253.6719
361,534551.1875,-143131.1875,2986.375,537537.5625,391420
362,534551.1875,-142951.9688,3861.25,538412.4375,391599.2187
363,534551.1875,-142759.9844,4718.6875,539269.875,391791.2031
364,534551.1875,-142555.4844,5559.1875,540110.375,391995.7031
365,534551.1875,-142338.6875,6383.125,540934.3125,392212.5
366,534551.1875,-142109.8281,7190.875,541742.0625,392441.3594
367,534551.1875,-141869.1406,7982.875,542534.0625,392682.0469
368,534551.1875,-141616.8594,8759.5,543310.6875,392934.3281
369,534551.1875,-141353.2031,9521.125,544072.3125,393197.9844
370,534551.1875,-141078.4219,10268.125,544819.3125,393472.7656
371,534551.1875,-140792.7344,11001,545552.1875,393758.4531
372,534551.1875,-140496.3906,11720.125,546271.3125,394054.7969
373,534551.1875,-140189.5938,12425.8125,546977,394361.5937
374,534551.1875,-139872.5938,13118.5625,547669.75,394678.5937
375,534551.1875,-139545.625,13798.6875,548349.875,395005.5625
376,534551.1875,-139208.9063,14466.6875,549017.875,395342.2812
377,534551.1875,-138862.6875,15122.8125,549674,395688.5
378,534551.1875,-138507.1719,15767.625,550318.8125,396044.0156
379,534551.1875,-138142.625,16401.4375,550952.625,396408.5625
380,534551.1875,-137769.25,17024.6875,551575.875,396781.9375
381,534551.1875,-137387.2969,17637.75,552188.9375,397163.8906
382,534551.1875,-136997,18241,552792.1875,397554.1875
383,534551.1875,-136598.5781,18834.875,553386.0625,397952.6094
384,534551.1875,-136192.25,19419.75,553970.9375,398358.9375
385,534551.1875,-135778.2813,19996.0625,554547.25,398772.9062
386,534551.1875,-135356.8906,20564.1875,555115.375,399194.2969
387,534551.1875,-134928.2969,21124.5,555675.6875,399622.8906
388,534551.1875,-134492.75,21677.375,556228.5625,400058.4375
389,534551.1875,-134050.4688,22223.3125,556774.5,400500.7187
390,534551.1875,-133601.6875,22762.6875,557313.875,400949.5
391,534551.1875,-133146.6406,23295.875,557847.0625,401404.5469
392,534551.1875,-132685.5625,23823.1875,558374.375,401865.625
393,534551.1875,-132218.6875,24345.1875,558896.375,402332.5
394,534551.1875,-131746.2344,24862.1875,559413.375,402804.9531
395,534551.1875,-131268.4375,25374.5625,559925.75,403282.75
396,534551.1875,-130785.5469,25882.75,560433.9375,403765.6406
397,534551.1875,-130297.7734,26387.125,560938.3125,404253.4141
398,534551.1875,-129805.3516,26888.125,561439.3125,404745.8359
399,534551.1875,-129308.5234,27386.125,561937.3125,405242.6641
400,534551.1875,-128807.5156,27881.5,562432.6875,405743.6719
401,534551.1875,-128302.5547,28374.6875,562925.875,406248.6328
402,534551.1875,-127793.8828,28866.125,563417.3125,406757.3047
403,534551.1875,-127281.7266,29356.125,563907.3125,407269.4609
404,534551.1875,-126766.3125,29845.125,564396.3125,407784.875
405,534551.1875,-126247.875,30333.5,564884.6875,408303.3125
406,534551.1875,-125726.6563,30821.6875,565372.875,408824.5312
407,534551.1875,-125202.875,31310.125,565861.3125,409348.3125
408,534551.1875,-124676.7656,31799.0625,566350.25,409874.4219
409,534551.1875,-124148.5703,32289.0625,566840.25,410402.6172
410,534551.1875,-123618.5078,32780.4375,567331.625,410932.6797
411,534551.1875,-123086.8125,33273.625,567824.8125,411464.375
412,534551.1875,-122553.7188,33769,568320.1875,411997.4687
413,534551.1875,-122019.4609,34267,568818.1875,412531.7266
414,534551.1875,-121484.2656,34767.9375,569319.125,413066.9219
415,534551.1875,-120948.3672,35272.3125,569823.5,413602.8203
416,534551.1875,-120412,35780.4375,570331.625,414139.1875
417,534551.1875,-119875.3906,36292.75,570843.9375,414675.7969
418,534551.1875,-119338.7734,36809.6875,571360.875,415212.4141
419,534551.1875,-118802.375,37331.625,571882.8125,415748.8125
420,534551.1875,-118266.4375,37858.9375,572410.125,416284.75
421,534551.1875,-117731.1875,38392,572943.1875,416820
422,534551.1875,-117196.8047,38931.125,573482.3125,417354.3828
423,534551.1875,-116663.2891,39476.1875,574027.375,417887.8984
424,534551.1875,-116130.5859,40026.6875,574577.875,418420.6016
425,534551.1875,-115598.625,40582.375,575133.5625,418952.5625
426,534551.1875,-115067.3672,41142.9375,575694.125,419483.8203
427,534551.1875,-114536.75,41708,576259.1875,420014.4375
428,534551.1875,-114006.7266,42277.1875,576828.375,420544.4609
429,534551.1875,-113477.2266,42850.25,577401.4375,421073.9609
430,534551.1875,-112948.2031,43426.75,577977.9375,421602.9844
431,534551.1875,-112419.6016,44006.5,578557.6875,422131.5859
432,534551.1875,-111891.3672,44589,579140.1875,422659.8203
433,534551.1875,-111363.4375,45174,579725.1875,423187.75
434,534551.1875,-110835.7656,45761.1875,580312.375,423715.4219
435,534551.1875,-110308.2891,46350.125,580901.3125,424242.8984
436,534551.1875,-109780.9609,46940.5625,581491.75,424770.2266
437,534551.1875,-109253.7188,47532.1875,582083.375,425297.4687
438,534551.1875,-108726.5078,48124.5625,582675.75,425824.6797
439,534551.1875,-108199.2734,48717.4375,583268.625,426351.9141
440,534551.1875,-107671.9609,49310.375,583861.5625,426879.2266
441,534551.1875,-107144.5156,49903.1875,584454.375,427406.6719
442,534551.1875,-106616.8828,50495.375,585046.5625,427934.3047
443,534551.1875,-106089.0078,51086.75,585637.9375,428462.1797
444,534551.1875,-105560.8281,51676.875,586228.0625,428990.3594
445,534551.1875,-105032.2969,52265.5,586816.6875,429518.8906
446,534551.1875,-104503.3516,52852.1875,587403.375,430047.8359
447,534551.1875,-103973.9453,53436.625,587987.8125,430577.2422
448,534551.1875,-103444.0078,54018.5625,588569.75,431107.1797
449,534551.1875,-102913.5,54597.5625,589148.75,431637.6875
450,534551.1875,-102382.3594,55173.375,589724.5625,432168.8281
451,534551.1875,-101850.5391,55745.5625,590296.75,432700.6484
452,534551.1875,-101317.9609,56313.8125,590865,433233.2266
453,534551.1875,-100784.5938,56877.875,591429.0625,433766.5937
454,534551.1875,-100250.375,57437.375,591988.5625,434300.8125
455,534551.1875,-99715.24219,57991.9375,592543.125,434835.9453
456,534551.1875,-99179.14063,58541.1875,593092.375,435372.0469
457,534551.1875,-98642.02344,59084.9375,593636.125,435909.1641
458,534551.1875,-98103.83594,59622.6875,594173.875,436447.3516
459,534551.1875,-97564.51563,60154.1875,594705.375,436986.6719
460,534551.1875,-97024,60679.125,595230.3125,437527.1875
461,534551.1875,-96482.25,61197.0625,595748.25,438068.9375
462,534551.1875,-95939.20313,61707.8125,596259,438611.9844
463,534551.1875,-95394.80469,62210.875,596762.0625,439156.3828
464,534551.1875,-94849,62706,597257.1875,439702.1875
465,534551.1875,-94301.72656,63192.875,597744.0625,440249.4609
466,534551.1875,-93752.9375,63671.125,598222.3125,440798.25
467,534551.1875,-93202.57031,64140.375,598691.5625,441348.6172
468,534551.1875,-92650.57813,64600.375,599151.5625,441900.6094
469,534551.1875,-92096.89844,65050.75,599601.9375,442454.2891
470,534551.1875,-91541.48438,65491.125,600042.3125,443009.7031
471,534551.1875,-90984.27344,65921.25,600472.4375,443566.9141
472,534551.1875,-90425.20313,66340.6875,600891.875,444125.9844
473,534551.1875,-89864.23438,66749.125,601300.3125,444686.9531
474,534551.1875,-89301.30469,67146.3125,601697.5,445249.8828
475,534551.1875,-88736.35156,67531.8125,602083,445814.8359
476,534551.1875,-88169.32813,67905.375,602456.5625,446381.8594
477,534551.1875,-87600.17969,68266.5625,602817.75,446951.0078
478,534551.1875,-87028.84375,68615.125,603166.3125,447522.3438
479,534551.1875,-86455.27344,68950.6875,603501.875,448095.9141
480,534551.1875,-85879.40625,69272.875,603824.0625,448671.7813
481,534551.1875,-85301.1875,69581.4375,604132.625,449250
482,534551.1875,-84720.60156,69876.0625,604427.25,449830.5859
483,534551.1875,-84137.75781,70157.0625,604708.25,450413.4297
484,534551.1875,-83552.79688,70424.625,604975.8125,450998.3906
485,534551.1875,-82965.88281,70679.0625,605230.25,451585.3047
486,534551.1875,-82377.14844,70920.75,605471.9375,452174.0391
487,534551.1875,-81786.75,71150,605701.1875,452764.4375
488,534551.1875,-81194.83594,71367,605918.1875,453356.3516
489,534551.1875,-80601.53906,71572.1875,606123.375,453949.6484
490,534551.1875,-80007.03125,71765.75,606316.9375,454544.1563
491,534551.1875,-79411.4375,71948.125,606499.3125,455139.75
492,534551.1875,-78814.91406,72119.5,606670.6875,455736.2734
493,534551.1875,-78217.61719,72280.1875,606831.375,456333.5703
494,534551.1875,-77619.67969,72430.625,606981.8125,456931.5078
495,534551.1875,-77021.25781,72570.9375,607122.125,457529.9297
496,534551.1875,-76422.5,72701.5625,607252.75,458128.6875
497,534551.1875,-75823.54688,72822.75,607373.9375,458727.6406
498,534551.1875,-75224.55469,72934.75,607485.9375,459326.6328
499,534551.1875,-74625.66406,73038,607589.1875,459925.5234
500,534551.1875,-74027.02344,73132.75,607683.9375,460524.1641
501,534551.1875,-73428.78906,73219.25,607770.4375,461122.3984
502,534551.1875,-72831.09375,73297.8125,607849,461720.0938
503,534551.1875,-72234.10156,73368.8125,607920,462317.0859
504,534551.1875,-71637.94531,73432.5,607983.6875,462913.2422
505,534551.1875,-71042.77344,73489.25,608040.4375,463508.4141
506,534551.1875,-70448.75,73539.25,608090.4375,464102.4375
507,534551.1875,-69856.00781,73582.875,608134.0625,464695.1797
508,534551.1875,-69264.69531,73620.4375,608171.625,465286.4922
509,534551.1875,-68674.96875,73652.25,608203.4375,465876.2188
510,534551.1875,-68086.96094,73678.5625,608229.75,466464.2266
511,534551.1875,-67500.83594,73699.75,608250.9375,467050.3516
512,534551.1875,-66916.73438,73716.0625,608267.25,467634.4531
513,534551.1875,-66334.79688,73727.8125,608279,468216.3906
514,534551.1875,-65755.1875,73735.3125,608286.5,468796
515,534551.1875,-65178.03516,73738.875,608290.0625,469373.1523
516,534551.1875,-64603.5,73738.8125,608290,469947.6875
517,534551.1875,-64031.72266,73735.4375,608286.625,470519.4648
518,534551.1875,-63462.85938,73729,608280.1875,471088.3281
519,534551.1875,-62897.04688,73719.8125,608271,471654.1406
520,534551.1875,-62334.44141,73708.25,608259.4375,472216.7461
521,534551.1875,-61775.1875,73694.5625,608245.75,472776
522,534551.1875,-61219.42969,73679.125,608230.3125,473331.7578
523,534551.1875,-60667.32031,73662.125,608213.3125,473883.8672
524,534551.1875,-60119.00781,73643.9375,608195.125,474432.1797
525,534551.1875,-59574.63281,73624.8125,608176,474976.5547
526,534551.1875,-59034.34766,73605.1875,608156.375,475516.8398
527,534551.1875,-58498.30078,73585.1875,608136.375,476052.8867
528,534551.1875,-57966.64063,73565.3125,608116.5,476584.5469
529,534551.1875,-57439.50781,73545.6875,608096.875,477111.6797
530,534551.1875,-56917.05859,73526.6875,608077.875,477634.1289
531,534551.1875,-56399.4375,73508.6875,608059.875,478151.75
532,534551.1875,-55886.78906,73491.875,608043.0625,478664.3984
533,534551.1875,-55379.26172,73476.625,608027.8125,479171.9258
534,534551.1875,-54877.00781,73463.25,608014.4375,479674.1797
535,534551.1875,-54380.17188,73452,608003.1875,480171.0156
536,534551.1875,-53888.89844,73443.25,607994.4375,480662.2891
537,534551.1875,-53403.33984,73437.1875,607988.375,481147.8477
538,534551.1875,-52923.64063,73434.25,607985.4375,481627.5469
539,534551.1875,-52449.95313,73434.6875,607985.875,482101.2344
540,534551.1875,-51982.41797,73438.8125,607990,482568.7695
541,534551.1875,-51521.1875,73446.9375,607998.125,483030
542,534551.1875,-51066.36719,73459.3125,608010.5,483484.8203
543,534551.1875,-50617.91406,73476,608027.1875,483933.2734
544,534551.1875,-50175.73438,73497.0625,608048.25,484375.4531
545,534551.1875,-49739.74219,73522.5,608073.6875,484811.4453
546,534551.1875,-49309.85156,73552.4375,608103.625,485241.3359
547,534551.1875,-48885.97656,73586.9375,608138.125,485665.2109
548,534551.1875,-48468.02734,73625.9375,608177.125,486083.1602
549,534551.1875,-48055.91406,73669.5,608220.6875,486495.2734
550,534551.1875,-47649.55469,73717.75,608268.9375,486901.6328
551,534551.1875,-47248.85547,73770.625,608321.8125,487302.332
552,534551.1875,-46853.73438,73828.25,608379.4375,487697.4531
553,534551.1875,-46464.10156,73890.625,608441.8125,488087.0859
554,534551.1875,-46079.87109,73957.8125,608509,488471.3164
555,534551.1875,-45700.95313,74029.8125,608581,488850.2344
556,534551.1875,-45327.25781,74106.75,608657.9375,489223.9297
557,534551.1875,-44958.70703,74188.625,608739.8125,489592.4805
558,534551.1875,-44595.20313,74275.4375,608826.625,489955.9844
559,534551.1875,-44236.66406,74367.3125,608918.5,490314.5234
560,534551.1875,-43883,74464.25,609015.4375,490668.1875
561,534551.1875,-43534.125,74566.25,609117.4375,491017.0625
562,534551.1875,-43189.94922,74673.4375,609224.625,491361.2383
563,534551.1875,-42850.39063,74785.8125,609337,491700.7969
564,534551.1875,-42515.35547,74903.375,609454.5625,492035.832
565,534551.1875,-42184.76172,75026.25,609577.4375,492366.4258
566,534551.1875,-41858.51563,75154.4375,609705.625,492692.6719
567,534551.1875,-41536.53516,75288,609839.1875,493014.6523
568,534551.1875,-41218.73047,75426.9375,609978.125,493332.457
569,534551.1875,-40905.01172,75571.375,610122.5625,493646.1758
570,534551.1875,-40595.29688,75721.25,610272.4375,493955.8906
571,534551.1875,-40289.49219,75876.6875,610427.875,494261.6953
572,534551.1875,-39987.51563,76037.6875,610588.875,494563.6719
573,534551.1875,-39689.27734,76204.3125,610755.5,494861.9102
574,534551.1875,-39394.69141,76376.625,610927.8125,495156.4961
575,534551.1875,-39103.66797,76554.5625,611105.75,495447.5195
576,534551.1875,-38816.12109,76738.3125,611289.5,495735.0664
577,534551.1875,-38531.96094,76927.875,611479.0625,496019.2266
578,534551.1875,-38251.10547,77123.1875,611674.375,496300.082
579,534551.1875,-37973.46094,77324.4375,611875.625,496577.7266
580,534551.1875,-37698.94141,77531.625,612082.8125,496852.2461
581,534551.1875,-37427.46094,77744.75,612295.9375,497123.7266
582,534551.1875,-37158.92969,77963.875,612515.0625,497392.2578
583,534551.1875,-36893.26563,78189.0625,612740.25,497657.9219
584,534551.1875,-36630.375,78420.3125,612971.5,497920.8125
585,534551.1875,-36370.17578,78657.6875,613208.875,498181.0117
586,534551.1875,-36112.57422,78901.25,613452.4375,498438.6133
587,534551.1875,-35857.48828,79151.0625,613702.25,498693.6992
588,534551.1875,-35604.82813,79407.125,613958.3125,498946.3594
589,534551.1875,-35354.50391,79669.4375,614220.625,499196.6836
590,534551.1875,-35106.43359,79938.1875,614489.375,499444.7539
591,534551.1875,-34860.52734,80213.25,614764.4375,499690.6602
592,534551.1875,-34616.69531,80494.8125,615046,499934.4922
593,534551.1875,-34374.85156,80782.8125,615334,500176.3359
594,534551.1875,-34134.90625,81077.3125,615628.5,500416.2813
595,534551.1875,-33896.77734,81378.4375,615929.625,500654.4102
596,534551.1875,-33660.375,81686.125,616237.3125,500890.8125
597,534551.1875,-33425.60938,82000.4375,616551.625,501125.5781
598,534551.1875,-33192.39844,82321.5,616872.6875,501358.7891
599,534551.1875,-32960.64844,82649.25,617200.4375,501590.5391
600,534551.1875,-32730.27344,82983.75,617534.9375,501820.9141
601,534551.1875,-32501.1875,83325.125,617876.3125,502050
602,534551.1875,-32273.31445,83673.25,618224.4375,502277.8731
603,534551.1875,-32046.61719,84027.875,618579.0625,502504.5703
604,534551.1875,-31821.07813,84388.625,618939.8125,502730.1094
605,534551.1875,-31596.67188,84755.125,619306.3125,502954.5156
606,534551.1875,-31373.375,85126.9375,619678.125,503177.8125
607,534551.1875,-31151.16797,85503.75,620054.9375,503400.0195
608,534551.1875,-30930.02539,85885.125,620436.3125,503621.1621
609,534551.1875,-30709.92578,86270.75,620821.9375,503841.2617
610,534551.1875,-30490.8457,86660.25,621211.4375,504060.3418
611,534551.1875,-30272.76367,87053.1875,621604.375,504278.4238
612,534551.1875,-30055.65625,87449.1875,622000.375,504495.5313
613,534551.1875,-29839.50195,87847.9375,622399.125,504711.6856
614,534551.1875,-29624.27539,88249,622800.1875,504926.9121
615,534551.1875,-29409.95898,88652.0625,623203.25,505141.2285
616,534551.1875,-29196.52539,89056.6875,623607.875,505354.6621
617,534551.1875,-28983.95508,89462.5,624013.6875,505567.2324
618,534551.1875,-28772.22266,89869.125,624420.3125,505778.9648
619,534551.1875,-28561.30664,90276.25,624827.4375,505989.8809
620,534551.1875,-28351.1875,90683.4375,625234.625,506200
621,534551.1875,-28141.83789,91090.3125,625641.5,506409.3496
622,534551.1875,-27933.23828,91496.5,626047.6875,506617.9492
623,534551.1875,-27725.36328,91901.625,626452.8125,506825.8242
624,534551.1875,-27518.19336,92305.3125,626856.5,507032.9941
625,534551.1875,-27311.70508,92707.25,627258.4375,507239.4824
626,534551.1875,-27105.875,93106.9375,627658.125,507445.3125
627,534551.1875,-26900.68164,93504.0625,628055.25,507650.5059
628,534551.1875,-26696.10156,93898.3125,628449.5,507855.0859
629,534551.1875,-26492.11133,94289.1875,628840.375,508059.0762
630,534551.1875,-26288.69141,94676.375,629227.5625,508262.4961
631,534551.1875,-26085.81445,95059.4375,629610.625,508465.3731
632,534551.1875,-25883.46289,95438.125,629989.3125,508667.7246
633,534551.1875,-25681.60938,95811.9375,630363.125,508869.5781
634,534551.1875,-25480.23633,96180.625,630731.8125,509070.9512
635,534551.1875,-25279.31641,96543.625,631094.8125,509271.8711
636,534551.1875,-25078.83008,96900.75,631451.9375,509472.3574
637,534551.1875,-24878.75391,97251.5,631802.6875,509672.4336
638,534551.1875,-24679.06445,97595.5625,632146.75,509872.1231
639,534551.1875,-24479.74023,97932.5,632483.6875,510071.4473
640,534551.1875,-24280.75781,98262,632813.1875,510270.4297
641,534551.1875,-24082.0957,98583.625,633134.8125,510469.0918
642,534551.1875,-23883.73242,98897.0625,633448.25,510667.4551
643,534551.1875,-23685.64063,99201.875,633753.0625,510865.5469
644,534551.1875,-23487.80273,99497.6875,634048.875,511063.3848
645,534551.1875,-23290.19336,99784.1875,634335.375,511260.9941
646,534551.1875,-23092.79102,100060.9375,634612.125,511458.3965
647,534551.1875,-22895.57227,100327.625,634878.8125,511655.6152
648,534551.1875,-22698.51563,100583.8125,635135,511852.6719
649,534551.1875,-22501.5957,100829.125,635380.3125,512049.5918
650,534551.1875,-22304.79492,101063.1875,635614.375,512246.3926
651,534551.1875,-22108.08594,101285.6875,635836.875,512443.1016
652,534551.1875,-21911.44922,101496.125,636047.3125,512639.7383
653,534551.1875,-21714.86133,101694.25,636245.4375,512836.3262
654,534551.1875,-21518.29883,101879.625,636430.8125,513032.8887
655,534551.1875,-21321.73828,102051.8125,636603,513229.4492
656,534551.1875,-21125.16016,102210.5625,636761.75,513426.0273
657,534551.1875,-20928.54102,102355.4375,636906.625,513622.6465
658,534551.1875,-20731.85547,102486.0625,637037.25,513819.332
659,534551.1875,-20535.08398,102602,637153.1875,514016.1035
660,534551.1875,-20338.20117,102703,637254.1875,514212.9863
661,534551.1875,-20141.1875,102788.5625,637339.75,514410
662,534551.1875,-19944.03906,102858.5625,637409.75,514607.1484
663,534551.1875,-19746.83984,102913.3125,637464.5,514804.3477
664,534551.1875,-19549.6875,102953.4375,637504.625,515001.5
665,534551.1875,-19352.68945,102979.4375,637530.625,515198.4981
666,534551.1875,-19155.94531,102991.9375,637543.125,515395.2422
667,534551.1875,-18959.55859,102991.4375,637542.625,515591.6289
668,534551.1875,-18763.63086,102978.5625,637529.75,515787.5566
669,534551.1875,-18568.26367,102953.75,637504.9375,515982.9238
670,534551.1875,-18373.56055,102917.6875,637468.875,516177.627
671,534551.1875,-18179.625,102870.8125,637422,516371.5625
672,534551.1875,-17986.55664,102813.8125,637365,516564.6309
673,534551.1875,-17794.45898,102747.125,637298.3125,516756.7285
674,534551.1875,-17603.43359,102671.375,637222.5625,516947.7539
675,534551.1875,-17413.58594,102587.0625,637138.25,517137.6016
676,534551.1875,-17225.01367,102494.8125,637046,517326.1738
677,534551.1875,-17037.82422,102395.125,636946.3125,517513.3633
678,534551.1875,-16852.11523,102288.5625,636839.75,517699.0723
679,534551.1875,-16667.99219,102175.75,636726.9375,517883.1953
680,534551.1875,-16485.55469,102057.1875,636608.375,518065.6328
681,534551.1875,-16304.9082,101933.375,636484.5625,518246.2793
682,534551.1875,-16126.15234,101805,636356.1875,518425.0352
683,534551.1875,-15949.3916,101672.5,636223.6875,518601.7959
684,534551.1875,-15774.72754,101536.5,636087.6875,518776.46
685,534551.1875,-15602.26172,101397.5625,635948.75,518948.9258
686,534551.1875,-15432.09668,101256.1875,635807.375,519119.0908
687,534551.1875,-15264.33594,101113,635664.1875,519286.8516
688,534551.1875,-15099.08008,100968.5,635519.6875,519452.1074
689,534551.1875,-14936.43359,100823.25,635374.4375,519614.7539
690,534551.1875,-14776.49707,100677.8125,635229,519774.6904
691,534551.1875,-14619.37305,100532.75,635083.9375,519931.8145
692,534551.1875,-14465.16406,100388.6875,634939.875,520086.0234
693,534551.1875,-14313.97266,100246.0625,634797.25,520237.2148
694,534551.1875,-14165.90137,100105.4375,634656.625,520385.2861
695,534551.1875,-14021.05176,99967.5,634518.6875,520530.1357
696,534551.1875,-13879.52734,99832.6875,634383.875,520671.6602
697,534551.1875,-13741.42969,99701.5625,634252.75,520809.7578
698,534551.1875,-13606.86035,99574.75,634125.9375,520944.3272
699,534551.1875,-13475.92285,99452.75,634003.9375,521075.2647
700,534551.1875,-13348.71973,99336.125,633887.3125,521202.4678
701,534551.1875,-13225.35156,99225.5,633776.6875,521325.8359
702,534551.1875,-13105.92285,99121.3125,633672.5,521445.2647
703,534551.1875,-12990.53516,99024.1875,633575.375,521560.6523
704,534551.1875,-12879.29004,98934.6875,633485.875,521671.8975
705,534551.1875,-12772.29004,98853.3125,633404.5,521778.8975
706,534551.1875,-12669.63867,98780.75,633331.9375,521881.5488
707,534551.1875,-12571.4375,98717.375,633268.5625,521979.75
708,534551.1875,-12477.78809,98663.875,633215.0625,522073.3994
709,534551.1875,-12388.79395,98620.8125,633172,522162.3936
710,534551.1875,-12304.55664,98588.625,633139.8125,522246.6309
711,534551.1875,-12225.17871,98568,633119.1875,522326.0088
712,534551.1875,-12150.76367,98559.4375,633110.625,522400.4238
713,534551.1875,-12081.41113,98563.4375,633114.625,522469.7764
714,534551.1875,-12017.22656,98580.6875,633131.875,522533.9609
715,534551.1875,-11958.30957,98611.625,633162.8125,522592.8779
716,534551.1875,-11904.76465,98656.875,633208.0625,522646.4229
717,534551.1875,-11856.69336,98716.9375,633268.125,522694.4941
718,534551.1875,-11814.19727,98792.4375,633343.625,522736.9902
719,534551.1875,-11777.37891,98883.875,633435.0625,522773.8086
720,534551.1875,-11746.3418,98991.8125,633543,522804.8457
721,534551.1875,-11721.1875,99116.875,633668.0625,522830
722,534551.1875,-11701.99805,99259.3125,633810.5,522849.1895
723,534551.1875,-11688.77246,99418.4375,633969.625,522862.415
724,534551.1875,-11681.49219,99593.375,634144.5625,522869.6953
725,534551.1875,-11680.13574,99783.25,634334.4375,522871.0518
726,534551.1875,-11684.68359,99987.1875,634538.375,522866.5039
727,534551.1875,-11695.11426,100204.1875,634755.375,522856.0732
728,534551.1875,-11711.40723,100433.375,634984.5625,522839.7803
729,534551.1875,-11733.54395,100673.8125,635225,522817.6436
730,534551.1875,-11761.50293,100924.75,635475.9375,522789.6846
731,534551.1875,-11795.26367,101185.125,635736.3125,522755.9238
732,534551.1875,-11834.80664,101454.0625,636005.25,522716.3809
733,534551.1875,-11880.11035,101730.6875,636281.875,522671.0772
734,534551.1875,-11931.15527,102014.0625,636565.25,522620.0322
735,534551.1875,-11987.9209,102303.375,636854.5625,522563.2666
736,534551.1875,-12050.38672,102597.625,637148.8125,522500.8008
737,534551.1875,-12118.53223,102895.875,637447.0625,522432.6553
738,534551.1875,-12192.33789,103197.375,637748.5625,522358.8496
739,534551.1875,-12271.78223,103501.0625,638052.25,522279.4053
740,534551.1875,-12356.8457,103806.125,638357.3125,522194.3418
741,534551.1875,-12447.50684,104111.625,638662.8125,522103.6807
742,534551.1875,-12543.74707,104416.625,638967.8125,522007.4404
743,534551.1875,-12645.54492,104720.3125,639271.5,521905.6426
744,534551.1875,-12752.88086,105021.6875,639572.875,521798.3066
745,534551.1875,-12865.7334,105319.875,639871.0625,521685.4541
746,534551.1875,-12984.08301,105614,640165.1875,521567.1045
747,534551.1875,-13107.9082,105903.1875,640454.375,521443.2793
748,534551.1875,-13237.19043,106186.4375,640737.625,521313.9971
749,534551.1875,-13371.9082,106462.875,641014.0625,521179.2793
750,534551.1875,-13512.04102,106731.625,641282.8125,521039.1465
751,534551.1875,-13657.56934,106991.8125,641543,520893.6182
752,534551.1875,-13808.47168,107242.4375,641793.625,520742.7158
753,534551.1875,-13964.72949,107482.6875,642033.875,520586.458
754,534551.1875,-14126.32031,107711.625,642262.8125,520424.8672
755,534551.1875,-14293.22559,107928.3125,642479.5,520257.9619
756,534551.1875,-14465.42383,108131.875,642683.0625,520085.7637
757,534551.1875,-14642.89453,108321.375,642872.5625,519908.293
758,534551.1875,-14825.61816,108496,643047.1875,519725.5693
759,534551.1875,-15013.57422,108654.75,643205.9375,519537.6133
760,534551.1875,-15206.74219,108796.75,643347.9375,519344.4453
761,534551.1875,-15405.10156,108921.125,643472.3125,519146.0859
762,534551.1875,-15608.63281,109026.9375,643578.125,518942.5547
763,534551.1875,-15817.31445,109113.3125,643664.5,518733.8731
764,534551.1875,-16031.12695,109179.25,643730.4375,518520.0606
765,534551.1875,-16250.04883,109224,643775.1875,518301.1387
766,534551.1875,-16474.06055,109246.5625,643797.75,518077.127
767,534551.1875,-16703.14258,109246,643797.1875,517848.0449
768,534551.1875,-16937.27344,109221.5,643772.6875,517613.9141
769,534551.1875,-17176.43359,109172.125,643723.3125,517374.7539
770,534551.1875,-17420.60156,109096.875,643648.0625,517130.5859
771,534551.1875,-17669.75781,108995,643546.1875,516881.4297
772,534551.1875,-17923.88086,108865.5,643416.6875,516627.3066
773,534551.1875,-18182.95313,108707.5625,643258.75,516368.2344
774,534551.1875,-18446.95117,108520.125,643071.3125,516104.2363
775,534551.1875,-18715.85547,108302.4375,642853.625,515835.332
776,534551.1875,-18989.64648,108053.5,642604.6875,515561.541
777,534551.1875,-19268.30469,107772.4375,642323.625,515282.8828
778,534551.1875,-19551.80859,107458.3125,642009.5,514999.3789
779,534551.1875,-19840.13672,107110.3125,641661.5,514711.0508
780,534551.1875,-20133.26953,106727.4375,641278.625,514417.918
781,534551.1875,-20431.1875,106308.875,640860.0625,514120
782,534551.1875,-20733.83984,105854,640405.1875,513817.3477
783,534551.1875,-21041.06445,105363.75,639914.9375,513510.1231
784,534551.1875,-21352.66211,104839.5,639390.6875,513198.5254
785,534551.1875,-21668.43945,104282.5,638833.6875,512882.7481
786,534551.1875,-21988.20508,103694.0625,638245.25,512562.9824
787,534551.1875,-22311.76172,103075.4375,637626.625,512239.4258
788,534551.1875,-22638.91406,102428,636979.1875,511912.2734
789,534551.1875,-22969.4707,101753.0625,636304.25,511581.7168
790,534551.1875,-23303.23242,101051.8125,635603,511247.9551
791,534551.1875,-23640.00977,100325.6875,634876.875,510911.1777
792,534551.1875,-23979.60547,99575.875,634127.0625,510571.582
793,534551.1875,-24321.82422,98803.75,633354.9375,510229.3633
794,534551.1875,-24666.47461,98010.625,632561.8125,509884.7129
795,534551.1875,-25013.35938,97197.6875,631748.875,509537.8281
796,534551.1875,-25362.2832,96366.375,630917.5625,509188.9043
797,534551.1875,-25713.05469,95517.875,630069.0625,508838.1328
798,534551.1875,-26065.47656,94653.5625,629204.75,508485.7109
799,534551.1875,-26419.35547,93774.75,628325.9375,508131.832
800,534551.1875,-26774.49805,92882.6875,627433.875,507776.6895
801,534551.1875,-27130.70703,91978.6875,626529.875,507420.4805
802,534551.1875,-27487.78906,91064.0625,625615.25,507063.3984
803,534551.1875,-27845.55078,90140.0625,624691.25,506705.6367
804,534551.1875,-28203.79492,89208.0625,623759.25,506347.3926
805,534551.1875,-28562.33008,88269.375,622820.5625,505988.8574
806,534551.1875,-28920.96094,87325.25,621876.4375,505630.2266
807,534551.1875,-29279.49023,86376.9375,620928.125,505271.6973
808,534551.1875,-29637.72656,85425.875,619977.0625,504913.4609
809,534551.1875,-29995.47461,84473.25,619024.4375,504555.7129
810,534551.1875,-30352.53906,83520.375,618071.5625,504198.6484
811,534551.1875,-30708.72461,82568.625,617119.8125,503842.4629
812,534551.1875,-31063.83984,81619.25,616170.4375,503487.3477
813,534551.1875,-31417.6875,80673.5,615224.6875,503133.5
814,534551.1875,-31770.07227,79732.75,614283.9375,502781.1152
815,534551.1875,-32120.80273,78798.3125,613349.5,502430.3848
816,534551.1875,-32469.68164,77871.4375,612422.625,502081.5059
817,534551.1875,-32816.51563,76953.4375,611504.625,501734.6719
818,534551.1875,-33161.11328,76045.625,610596.8125,501390.0742
819,534551.1875,-33503.27344,75149.3125,609700.5,501047.9141
820,534551.1875,-33842.80469,74265.75,608816.9375,500708.3828
821,534551.1875,-34179.51172,73396.3125,607947.5,500371.6758
822,534551.1875,-34513.20313,72542.1875,607093.375,500037.9844
823,534551.1875,-34843.68359,71704.8125,606256,499707.5039
824,534551.1875,-35170.75391,70885.4375,605436.625,499380.4336
825,534551.1875,-35494.22266,70085.3125,604636.5,499056.9648
826,534551.1875,-35813.89844,69305.8125,603857,498737.2891
827,534551.1875,-36129.58203,68548.125,603099.3125,498421.6055
828,534551.1875,-36441.07813,67813.6875,602364.875,498110.1094
829,534551.1875,-36748.19922,67103.75,601654.9375,497802.9883
830,534551.1875,-37050.74219,66419.5625,600970.75,497500.4453
831,534551.1875,-37348.51953,65762.5,600313.6875,497202.668
832,534551.1875,-37641.33203,65133.8125,599685,496909.8555
833,534551.1875,-37928.98438,64534.8125,599086,496622.2031
834,534551.1875,-38211.28516,63966.8125,598518,496339.9023
835,534551.1875,-38488.03906,63431.125,597982.3125,496063.1484
836,534551.1875,-38759.05469,62929.0625,597480.25,495792.1328
837,534551.1875,-39024.13281,62461.8125,597013,495527.0547
838,534551.1875,-39283.07813,62030.8125,596582,495268.1094
839,534551.1875,-39535.69922,61637.3125,596188.5,495015.4883
840,534551.1875,-39781.80078,61282.625,595833.8125,494769.3867
841,534551.1875,-40021.1875,60968,595519.1875,494530
842,534551.1875,-40253.69531,60694.375,595245.5625,494297.4922
843,534551.1875,-40479.28125,60461.1875,595012.375,494071.9063
844,534551.1875,-40697.93359,60267.3125,594818.5,493853.2539
845,534551.1875,-40909.63281,60111.6875,594662.875,493641.5547
846,534551.1875,-41114.375,59993.375,594544.5625,493436.8125
847,534551.1875,-41312.13672,59911.3125,594462.5,493239.0508
848,534551.1875,-41502.91016,59864.4375,594415.625,493048.2773
849,534551.1875,-41686.68359,59851.8125,594403,492864.5039
850,534551.1875,-41863.4375,59872.25,594423.4375,492687.75
851,534551.1875,-42033.16406,59924.8125,594476,492518.0234
852,534551.1875,-42195.84766,60008.5,594559.6875,492355.3398
853,534551.1875,-42351.47266,60122.25,594673.4375,492199.7148
854,534551.1875,-42500.03125,60264.9375,594816.125,492051.1563
855,534551.1875,-42641.50781,60435.6875,594986.875,491909.6797
856,534551.1875,-42775.88672,60633.375,595184.5625,491775.3008
857,534551.1875,-42903.15234,60857,595408.1875,491648.0352
858,534551.1875,-43023.30078,61105.5,595656.6875,491527.8867
859,534551.1875,-43136.30859,61377.8125,595929,491414.8789
860,534551.1875,-43242.16797,61673.0625,596224.25,491309.0195
861,534551.1875,-43340.86328,61990,596541.1875,491210.3242
862,534551.1875,-43432.38281,62327.75,596878.9375,491118.8047
863,534551.1875,-43516.71484,62685.25,597236.4375,491034.4727
864,534551.1875,-43593.83984,63061.4375,597612.625,490957.3477
865,534551.1875,-43663.75,63455.3125,598006.5,490887.4375
866,534551.1875,-43726.42969,63865.8125,598417,490824.7578
867,534551.1875,-43781.86328,64291.9375,598843.125,490769.3242
868,534551.1875,-43830.04297,64732.625,599283.8125,490721.1445
869,534551.1875,-43870.95313,65186.875,599738.0625,490680.2344
870,534551.1875,-43904.57813,65653.625,600204.8125,490646.6094
871,534551.1875,-43930.90625,66131.8125,600683,490620.2813
872,534551.1875,-43949.92188,66620.5,601171.6875,490601.2656
873,534551.1875,-43961.61719,67118.625,601669.8125,490589.5703
874,534551.1875,-43965.97266,67625.0625,602176.25,490585.2148
875,534551.1875,-43962.97656,68138.875,602690.0625,490588.2109
876,534551.1875,-43952.61719,68659.0625,603210.25,490598.5703
877,534551.1875,-43934.88281,69184.5,603735.6875,490616.3047
878,534551.1875,-43909.75391,69714.1875,604265.375,490641.4336
879,534551.1875,-43877.22656,70247.125,604798.3125,490673.9609
880,534551.1875,-43837.27734,70782.25,605333.4375,490713.9102
881,534551.1875,-43789.89844,71318.5625,605869.75,490761.2891
882,534551.1875,-43735.07422,71854.9375,606406.125,490816.1133
883,534551.1875,-43672.79297,72390.4375,606941.625,490878.3945
884,534551.1875,-43603.03906,72924.0625,607475.25,490948.1484
885,534551.1875,-43525.80078,73454.6875,608005.875,491025.3867
886,534551.1875,-43441.06641,73981.3125,608532.5,491110.1211
887,534551.1875,-43348.82031,74502.875,609054.0625,491202.3672
888,534551.1875,-43249.04688,75018.4375,609569.625,491302.1406
889,534551.1875,-43141.73828,75526.875,610078.0625,491409.4492
890,534551.1875,-43026.87891,76027.25,610578.4375,491524.3086
891,534551.1875,-42904.45313,76518.375,611069.5625,491646.7344
892,534551.1875,-42774.44922,76999.375,611550.5625,491776.7383
893,534551.1875,-42636.85547,77469.1875,612020.375,491914.332
894,534551.1875,-42491.65234,77926.6875,612477.875,492059.5352
895,534551.1875,-42338.83594,78370.9375,612922.125,492212.3516
896,534551.1875,-42178.38281,78800.875,613352.0625,492372.8047
897,534551.1875,-42010.28906,79215.4375,613766.625,492540.8984
898,534551.1875,-41834.53516,79613.625,614164.8125,492716.6523
899,534551.1875,-41651.10938,79994.4375,614545.625,492900.0781
900,534551.1875,-41459.99609,80356.8125,614908,493091.1914
901,534551.1875,-41261.1875,80699.6875,615250.875,493290
902,534551.1875,-41054.67188,81022.375,615573.5625,493496.5156
903,534551.1875,-40840.46094,81325.25,615876.4375,493710.7266
904,534551.1875,-40618.57813,81609.0625,616160.25,493932.6094
905,534551.1875,-40389.03906,81874.5,616425.6875,494162.1484
906,534551.1875,-40151.86719,82122.3125,616673.5,494399.3203
907,534551.1875,-39907.07813,82353.25,616904.4375,494644.1094
908,534551.1875,-39654.69141,82567.875,617119.0625,494896.4961
909,534551.1875,-39394.73047,82767.0625,617318.25,495156.457
910,534551.1875,-39127.20703,82951.4375,617502.625,495423.9805
911,534551.1875,-38852.14453,83121.75,617672.9375,495699.043
912,534551.1875,-38569.56641,83278.6875,617829.875,495981.6211
913,534551.1875,-38279.48438,83423.0625,617974.25,496271.7031
914,534551.1875,-37981.91797,83555.4375,618106.625,496569.2695
915,534551.1875,-37676.89453,83676.625,618227.8125,496874.293
916,534551.1875,-37364.42578,83787.3125,618338.5,497186.7617
917,534551.1875,-37044.53125,83888.1875,618439.375,497506.6563
918,534551.1875,-36717.23438,83980,618531.1875,497833.9531
919,534551.1875,-36382.55078,84063.5,618614.6875,498168.6367
920,534551.1875,-36040.50391,84139.375,618690.5625,498510.6836
921,534551.1875,-35691.10547,84208.25,618759.4375,498860.082
922,534551.1875,-35334.38281,84271,618822.1875,499216.8047
923,534551.1875,-34970.34766,84328.1875,618879.375,499580.8398
924,534551.1875,-34599.02734,84380.625,618931.8125,499952.1602
925,534551.1875,-34220.43359,84429.0625,618980.25,500330.7539
926,534551.1875,-33834.58984,84474.0625,619025.25,500716.5977
927,534551.1875,-33441.51563,84516.4375,619067.625,501109.6719
928,534551.1875,-33041.22656,84556.9375,619108.125,501509.9609
929,534551.1875,-32633.74609,84596.1875,619147.375,501917.4414
930,534551.1875,-32219.08984,84635,619186.1875,502332.0977
931,534551.1875,-31797.2793,84674,619225.1875,502753.9082
932,534551.1875,-31368.33398,84713.9375,619265.125,503182.8535
933,534551.1875,-30932.27148,84755.5,619306.6875,503618.916
934,534551.1875,-30489.10938,84799.5,619350.6875,504062.0781
935,534551.1875,-30038.87109,84846.5625,619397.75,504512.3164
936,534551.1875,-29581.57422,84897.375,619448.5625,504969.6133
937,534551.1875,-29117.23828,84952.75,619503.9375,505433.9492
938,534551.1875,-28645.88086,85013.375,619564.5625,505905.3066
939,534551.1875,-28167.52148,85079.875,619631.0625,506383.666
940,534551.1875,-27682.18164,85153.0625,619704.25,506869.0059
941,534551.1875,-27189.87695,85233.625,619784.8125,507361.3106
942,534551.1875,-26690.62891,85322.3125,619873.5,507860.5586
943,534551.1875,-26184.45898,85419.75,619970.9375,508366.7285
944,534551.1875,-25671.38086,85526.6875,620077.875,508879.8066
945,534551.1875,-25151.41797,85643.875,620195.0625,509399.7695
946,534551.1875,-24624.58789,85772.0625,620323.25,509926.5996
947,534551.1875,-24090.91016,85911.875,620463.0625,510460.2773
948,534551.1875,-23550.4043,86064.0625,620615.25,511000.7832
949,534551.1875,-23003.08984,86229.3125,620780.5,511548.0977
950,534551.1875,-22448.98438,86408.375,620959.5625,512102.2031
951,534551.1875,-21888.10938,86602,621153.1875,512663.0781
952,534551.1875,-21320.48242,86810.8125,621362,513230.7051
953,534551.1875,-20746.12305,87035.5625,621586.75,513805.0645
954,534551.1875,-20165.05078,87277,621828.1875,514386.1367
955,534551.1875,-19577.2832,87535.875,622087.0625,514973.9043
956,534551.1875,-18982.8418,87812.75,622363.9375,515568.3457
957,534551.1875,-18381.74609,88108.5,622659.6875,516169.4414
958,534551.1875,-17774.01172,88423.75,622974.9375,516777.1758
959,534551.1875,-17159.66211,88759.1875,623310.375,517391.5254
960,534551.1875,-16538.71484,89115.625,623666.8125,518012.4727
961,534551.1875,-15911.1875,89493.75,624044.9375,518640
962,534551.1875,-15277.16309,89894,624445.1875,519274.0244
963,534551.1875,-14636.97168,90315.8125,624867,519914.2158
964,534551.1875,-13991.00293,90758.375,625309.5625,520560.1846
965,534551.1875,-13339.65039,91220.875,625772.0625,521211.5371
966,534551.1875,-12683.30371,91702.5625,626253.75,521867.8838
967,534551.1875,-12022.35645,92202.625,626753.8125,522528.8311
968,534551.1875,-11357.19824,92720.1875,627271.375,523193.9893
969,534551.1875,-10688.2207,93254.5,627805.6875,523862.9668
970,534551.1875,-10015.81738,93804.75,628355.9375,524535.3701
971,534551.1875,-9340.37793,94370.0625,628921.25,525210.8096
972,534551.1875,-8662.293945,94949.75,629500.9375,525888.8936
973,534551.1875,-7981.958496,95542.9375,630094.125,526569.229
974,534551.1875,-7299.761719,96148.8125,630700,527251.4258
975,534551.1875,-6616.095703,96766.5625,631317.75,527935.0918
976,534551.1875,-5931.351563,97395.375,631946.5625,528619.8359
977,534551.1875,-5245.921387,98034.5,632585.6875,529305.2661
978,534551.1875,-4560.196289,98683.125,633234.3125,529990.9912
979,534551.1875,-3874.567871,99340.375,633891.5625,530676.6196
980,534551.1875,-3189.427979,100005.4375,634556.625,531361.7595
981,534551.1875,-2505.167969,100677.625,635228.8125,532046.0195
982,534551.1875,-1822.179321,101356,635907.1875,532729.0082
983,534551.1875,-1140.85376,102039.875,636591.0625,533410.3337
984,534551.1875,-461.5826416,102728.3125,637279.5,534089.6049
985,534551.1875,215.2423859,103420.625,637971.8125,534766.4299
986,534551.1875,889.2298584,104115.875,638667.0625,535440.4174
987,534551.1875,1559.988159,104813.4375,639364.625,536111.1757
988,534551.1875,2227.125732,105512.3125,640063.5,536778.3132
989,534551.1875,2890.251221,106211.8125,640763,537441.4387
990,534551.1875,3548.972656,106911.125,641462.3125,538100.1602
991,534551.1875,4202.898926,107609.375,642160.5625,538754.0864
992,534551.1875,4851.638672,108305.8125,642857,539402.8262
993,534551.1875,5494.799316,108999.625,643550.8125,540045.9868
994,534551.1875,6131.990723,109690,644241.1875,540683.1782
995,534551.1875,6762.820313,110376.125,644927.3125,541314.0078
996,534551.1875,7386.896973,111057.125,645608.3125,541938.0845
997,534551.1875,8003.828613,111732.375,646283.5625,542555.0161
998,534551.1875,8613.224609,112400.875,646952.0625,543164.4121
999,534551.1875,9214.692383,113061.9375,647613.125,543765.8799
1000,534551.1875,9807.841797,113714.6875,648265.875,544359.0293
1001,534551.1875,10392.28027,114358.375,648909.5625,544943.4678
1002,534551.1875,10967.61621,114992.125,649543.3125,545518.8037
1003,534551.1875,11533.45801,115615.25,650166.4375,546084.6455
1004,534551.1875,12089.41504,116226.8125,650778,546640.6025
1005,534551.1875,12635.09473,116826.0625,651377.25,547186.2822
1006,534551.1875,13170.10645,117412.1875,651963.375,547721.294
1007,534551.1875,13694.05762,117984.375,652535.5625,548245.2451
1008,534551.1875,14206.55762,118541.8125,653093,548757.7451
1009,534551.1875,14707.21387,119083.6875,653634.875,549258.4014
1010,534551.1875,15195.63672,119609.25,654160.4375,549746.8242
1011,534551.1875,15671.43262,120117.625,654668.8125,550222.6201
1012,534551.1875,16134.21094,120608.0625,655159.25,550685.3984
1013,534551.1875,16583.58008,121079.6875,655630.875,551134.7676
1014,534551.1875,17019.14844,121531.75,656082.9375,551570.3359
1015,534551.1875,17440.52344,121963.4375,656514.625,551991.7109
1016,534551.1875,17847.31445,122373.9375,656925.125,552398.502
1017,534551.1875,18239.13086,122762.4375,657313.625,552790.3184
1018,534551.1875,18615.58203,123128.0625,657679.25,553166.7695
1019,534551.1875,18976.27148,123470.125,658021.3125,553527.459
1020,534551.1875,19320.8125,123787.8125,658339,553872
1021,534551.1875,19648.8125,124080.1875,658631.375,554200
1022,534551.1875,19959.97852,124346.75,658897.9375,554511.166
1023,534551.1875,20254.42383,124587.8125,659139,554805.6113
1024,534551.1875,20532.35938,124803.8125,659355,555083.5469
1025,534551.1875,20793.99805,124995.1875,659546.375,555345.1856
1026,534551.1875,21039.55078,125162.5,659713.6875,555590.7383
1027,534551.1875,21269.22852,125306.25,659857.4375,555820.416
1028,534551.1875,21483.24219,125426.9375,659978.125,556034.4297
1029,534551.1875,21681.80664,125524.9375,660076.125,556232.9941
1030,534551.1875,21865.13281,125600.875,660152.0625,556416.3203
1031,534551.1875,22033.42969,125655.1875,660206.375,556584.6172
1032,534551.1875,22186.91211,125688.3125,660239.5,556738.0996
1033,534551.1875,22325.79102,125700.8125,660252,556876.9785
1034,534551.1875,22450.2793,125693.1875,660244.375,557001.4668
1035,534551.1875,22560.58594,125665.875,660217.0625,557111.7734
1036,534551.1875,22656.92383,125619.375,660170.5625,557208.1113
1037,534551.1875,22739.50781,125554.1875,660105.375,557290.6953
1038,534551.1875,22808.54492,125470.75,660021.9375,557359.7324
1039,534551.1875,22864.24805,125369.6875,659920.875,557415.4356
1040,534551.1875,22906.83203,125251.3125,659802.5,557458.0195
1041,534551.1875,22936.50586,125116.3125,659667.5,557487.6934
1042,534551.1875,22953.48047,124965,659516.1875,557504.668
1043,534551.1875,22957.9707,124797.9375,659349.125,557509.1582
1044,534551.1875,22950.18555,124615.625,659166.8125,557501.3731
1045,534551.1875,22930.33984,124418.5625,658969.75,557481.5273
1046,534551.1875,22898.64258,124207.1875,658758.375,557449.8301
1047,534551.1875,22855.30664,123982.0625,658533.25,557406.4941
1048,534551.1875,22800.54297,123743.625,658294.8125,557351.7305
1049,534551.1875,22734.56445,123492.375,658043.5625,557285.752
1050,534551.1875,22657.58203,123228.75,657779.9375,557208.7695
1051,534551.1875,22569.80859,122953.3125,657504.5,557120.9961
1052,534551.1875,22471.45508,122666.5625,657217.75,557022.6426
1053,534551.1875,22362.73242,122369,656920.1875,556913.9199
1054,534551.1875,22243.85352,122061,656612.1875,556795.041
1055,534551.1875,22115.03125,121743.125,656294.3125,556666.2188
1056,534551.1875,21976.47461,121415.9375,655967.125,556527.6621
1057,534551.1875,21828.39844,121079.8125,655631,556379.5859
1058,534551.1875,21671.01172,120735.25,655286.4375,556222.1992
1059,534551.1875,21504.52734,120382.8125,654934,556055.7148
1060,534551.1875,21329.15625,120022.9375,654574.125,555880.3438
1061,534551.1875,21145.11328,119656.1875,654207.375,555696.3008
1062,534551.1875,20952.60742,119282.9375,653834.125,555503.7949
1063,534551.1875,20751.84961,118903.75,653454.9375,555303.0371
1064,534551.1875,20543.05469,118519.0625,653070.25,555094.2422
1065,534551.1875,20326.43164,118129.4375,652680.625,554877.6191
1066,534551.1875,20102.19531,117735.3125,652286.5,554653.3828
1067,534551.1875,19870.55273,117337.1875,651888.375,554421.7402
1068,534551.1875,19631.7207,116935.5625,651486.75,554182.9082
1069,534551.1875,19385.9082,116530.9375,651082.125,553937.0957
1070,534551.1875,19133.32813,116123.75,650674.9375,553684.5156
1071,534551.1875,18874.19141,115714.5625,650265.75,553425.3789
1072,534551.1875,18608.70898,115303.8125,649855,553159.8965
1073,534551.1875,18337.09375,114892,649443.1875,552888.2813
1074,534551.1875,18059.55859,114479.625,649030.8125,552610.7461
1075,534551.1875,17776.31445,114067.1875,648618.375,552327.502
1076,534551.1875,17487.57227,113655.1875,648206.375,552038.7598
1077,534551.1875,17193.54492,113244.0625,647795.25,551744.7324
1078,534551.1875,16894.44336,112834.3125,647385.5,551445.6309
1079,534551.1875,16590.47852,112426.5,646977.6875,551141.666
1080,534551.1875,16281.86523,112021,646572.1875,550833.0527
1081,534551.1875,15968.8125,111618.375,646169.5625,550520
1082,534551.1875,15651.50195,111219.0625,645770.25,550202.6895
1083,534551.1875,15329.9873,110823.0625,645374.25,549881.1748
1084,534551.1875,15004.29492,110430.5625,644981.75,549555.4824
1085,534551.1875,14674.44629,110041.4375,644592.625,549225.6338
1086,534551.1875,14340.46777,109655.8125,644207,548891.6553
1087,534551.1875,14002.38086,109273.75,643824.9375,548553.5684
1088,534551.1875,13660.21094,108895.1875,643446.375,548211.3984
1089,534551.1875,13313.98145,108520.1875,643071.375,547865.169
1090,534551.1875,12963.71582,108148.8125,642700,547514.9033
1091,534551.1875,12609.43945,107781.125,642332.3125,547160.627
1092,534551.1875,12251.1748,107417.0625,641968.25,546802.3623
1093,534551.1875,11888.94531,107056.6875,641607.875,546440.1328
1094,534551.1875,11522.77734,106700.0625,641251.25,546073.9648
1095,534551.1875,11152.69238,106347.25,640898.4375,545703.8799
1096,534551.1875,10778.71484,105998.1875,640549.375,545329.9023
1097,534551.1875,10400.86914,105653,640204.1875,544952.0566
1098,534551.1875,10019.17969,105311.625,639862.8125,544570.3672
1099,534551.1875,9633.668945,104974.1875,639525.375,544184.8564
1100,534551.1875,9244.362305,104640.6875,639191.875,543795.5498
1101,534551.1875,8851.282227,104311.125,638862.3125,543402.4697
1102,534551.1875,8454.453125,103985.5625,638536.75,543005.6406
1103,534551.1875,8053.899902,103664,638215.1875,542605.0874
1104,534551.1875,7649.645508,103346.5,637897.6875,542200.833
1105,534551.1875,7241.713379,103033.125,637584.3125,541792.9009
1106,534551.1875,6830.128418,102723.875,637275.0625,541381.3159
1107,534551.1875,6414.914063,102418.75,636969.9375,540966.1016
1108,534551.1875,5996.094238,102117.8125,636669,540547.2817
1109,534551.1875,5573.692871,101821.0625,636372.25,540124.8804
1110,534551.1875,5147.733887,101528.625,636079.8125,539698.9214
1111,534551.1875,4718.241211,101240.4375,635791.625,539269.4287
1112,534551.1875,4285.23877,100956.5625,635507.75,538836.4263
1113,534551.1875,3848.750244,100677,635228.1875,538399.9377
1114,534551.1875,3408.799561,100401.875,634953.0625,537959.9871
1115,534551.1875,2965.410889,100131.125,634682.3125,537516.5984
1116,534551.1875,2518.608154,99864.8125,634416,537069.7957
1117,534551.1875,2068.414795,99603,634154.1875,536619.6023
1118,534551.1875,1614.855103,99345.6875,633896.875,536166.0426
1119,534551.1875,1157.952759,99092.875,633644.0625,535709.1403
1120,534551.1875,697.7318726,98844.6875,633395.875,535248.9194
1121,534551.1875,234.2162323,98601.0625,633152.25,534785.4037
1122,534551.1875,-232.5702667,98362.125,632913.3125,534318.6172
1123,534551.1875,-702.6036987,98127.8125,632679,533848.5838
1124,534551.1875,-1175.860229,97898.1875,632449.375,533375.3273
1125,534551.1875,-1652.315796,97673.3125,632224.5,532898.8717
1126,534551.1875,-2131.946777,97453.1875,632004.375,532419.2407
1127,534551.1875,-2614.729004,97237.875,631789.0625,531936.4585
1128,534551.1875,-3100.638672,97027.375,631578.5625,531450.5488
1129,534551.1875,-3589.651855,96821.6875,631372.875,530961.5356
1130,534551.1875,-4081.744629,96620.9375,631172.125,530469.4429
1131,534551.1875,-4576.893066,96425.125,630976.3125,529974.2944
1132,534551.1875,-5075.07373,96234.25,630785.4375,529476.1138
1133,534551.1875,-5576.262207,96048.375,630599.5625,528974.9253
1134,534551.1875,-6080.43457,95867.5,630418.6875,528470.7529
1135,534551.1875,-6587.567383,95691.6875,630242.875,527963.6201
1136,534551.1875,-7097.63623,95520.9375,630072.125,527453.5513
1137,534551.1875,-7610.617188,95355.3125,629906.5,526940.5703
1138,534551.1875,-8126.486816,95194.875,629746.0625,526424.7007
1139,534551.1875,-8645.220703,95039.5625,629590.75,525905.9668
1140,534551.1875,-9166.795898,94889.4375,629440.625,525384.3916
1141,534551.1875,-9691.1875,94744.625,629295.8125,524860
1142,534551.1875,-10218.35742,94605,629156.1875,524332.8301
1143,534551.1875,-10748.20605,94470.3125,629021.5,523802.9815
1144,534551.1875,-11280.62207,94340.3125,628891.5,523270.5654
1145,534551.1875,-11815.49121,94214.5625,628765.75,522735.6963
1146,534551.1875,-12352.7002,94092.8125,628644,522198.4873
1147,534551.1875,-12892.13574,93974.75,628525.9375,521659.0518
1148,534551.1875,-13433.68555,93860.0625,628411.25,521117.502
1149,534551.1875,-13977.23633,93748.375,628299.5625,520573.9512
1150,534551.1875,-14522.67383,93639.375,628190.5625,520028.5137
1151,534551.1875,-15069.88574,93532.75,628083.9375,519481.3018
1152,534551.1875,-15618.75879,93428.25,627979.4375,518932.4287
1153,534551.1875,-16169.17969,93325.5,627876.6875,518382.0078
1154,534551.1875,-16721.03516,93224.125,627775.3125,517830.1523
1155,534551.1875,-17274.21094,93123.875,627675.0625,517276.9766
1156,534551.1875,-17828.59766,93024.375,627575.5625,516722.5898
1157,534551.1875,-18384.07617,92925.375,627476.5625,516167.1113
1158,534551.1875,-18940.53906,92826.5,627377.6875,515610.6484
1159,534551.1875,-19497.86914,92727.5,627278.6875,515053.3184
1160,534551.1875,-20055.95508,92627.9375,627179.125,514495.2324
1161,534551.1875,-20614.68555,92527.5625,627078.75,513936.502
1162,534551.1875,-21173.94141,92426.0625,626977.25,513377.2461
1163,534551.1875,-21733.61523,92323.0625,626874.25,512817.5723
1164,534551.1875,-22293.5918,92218.3125,626769.5,512257.5957
1165,534551.1875,-22853.75781,92111.4375,626662.625,511697.4297
1166,534551.1875,-23414.00195,92002.1875,626553.375,511137.1856
1167,534551.1875,-23974.20703,91890.125,626441.3125,510576.9805
1168,534551.1875,-24534.26367,91775.0625,626326.25,510016.9238
1169,534551.1875,-25094.05469,91656.5625,626207.75,509457.1328
1170,534551.1875,-25653.47266,91534.375,626085.5625,508897.7148
1171,534551.1875,-26212.39844,91408.125,625959.3125,508338.7891
1172,534551.1875,-26770.72266,91277.5625,625828.75,507780.4648
1173,534551.1875,-27328.33203,91142.3125,625693.5,507222.8555
1174,534551.1875,-27885.11133,91002.0625,625553.25,506666.0762
1175,534551.1875,-28440.94727,90856.5,625407.6875,506110.2402
1176,534551.1875,-28995.72852,90705.3125,625256.5,505555.459
1177,534551.1875,-29549.3418,90548.125,625099.3125,505001.8457
1178,534551.1875,-30101.67383,90384.75,624935.9375,504449.5137
1179,534551.1875,-30652.60938,90214.6875,624765.875,503898.5781
1180,534551.1875,-31202.03711,90037.75,624588.9375,503349.1504
1181,534551.1875,-31749.84375,89853.625,624404.8125,502801.3438
1182,534551.1875,-32295.91602,89661.875,624213.0625,502255.2715
1183,534551.1875,-32840.14063,89462.25,624013.4375,501711.0469
1184,534551.1875,-33382.40234,89254.4375,623805.625,501168.7852
1185,534551.1875,-33922.59375,89038.125,623589.3125,500628.5938
1186,534551.1875,-34460.59375,88812.9375,623364.125,500090.5938
1187,534551.1875,-34996.29688,88578.5625,623129.75,499554.8906
1188,534551.1875,-35529.58594,88334.75,622885.9375,499021.6016
1189,534551.1875,-36060.34766,88081.125,622632.3125,498490.8398
1190,534551.1875,-36588.46875,87817.375,622368.5625,497962.7188
1191,534551.1875,-37113.83594,87543.1875,622094.375,497437.3516
1192,534551.1875,-37636.33594,87258.1875,621809.375,496914.8516
1193,534551.1875,-38155.85938,86962.125,621513.3125,496395.3281
1194,534551.1875,-38672.28906,86654.625,621205.8125,495878.8984
1195,534551.1875,-39185.51172,86335.4375,620886.625,495365.6758
1196,534551.1875,-39695.41406,86004.1875,620555.375,494855.7734
1197,534551.1875,-40201.88672,85660.5625,620211.75,494349.3008
1198,534551.1875,-40704.8125,85304.25,619855.4375,493846.375
1199,534551.1875,-41204.08203,84934.9375,619486.125,493347.1055
1200,534551.1875,-41699.57813,84552.25,619103.4375,492851.6094
1201,534551.1875,-42191.1875,84155.9375,618707.125,492360
1202,534551.1875,-42678.80469,83745.75,618296.9375,491872.3828
1203,534551.1875,-43162.34375,83321.875,617873.0625,491388.8438
1204,534551.1875,-43641.72266,82884.6875,617435.875,490909.4648
1205,534551.1875,-44116.85938,82434.5,616985.6875,490434.3281
1206,534551.1875,-44587.67188,81971.5625,616522.75,489963.5156
1207,534551.1875,-45054.08203,81496.25,616047.4375,489497.1055
1208,534551.1875,-45516.00391,81008.8125,615560,489035.1836
1209,534551.1875,-45973.36328,80509.6875,615060.875,488577.8242
1210,534551.1875,-46426.07422,79999.0625,614550.25,488125.1133
1211,534551.1875,-46874.05859,79477.375,614028.5625,487677.1289
1212,534551.1875,-47317.23047,78944.8125,613496,487233.957
1213,534551.1875,-47755.51172,78401.8125,612953,486795.6758
1214,534551.1875,-48188.82422,77848.5625,612399.75,486362.3633
1215,534551.1875,-48617.07813,77285.5,611836.6875,485934.1094
1216,534551.1875,-49040.20313,76712.9375,611264.125,485510.9844
1217,534551.1875,-49458.10938,76131.0625,610682.25,485093.0781
1218,534551.1875,-49870.72266,75540.375,610091.5625,484680.4648
1219,534551.1875,-50277.95703,74941,609492.1875,484273.2305
1220,534551.1875,-50679.73047,74333.4375,608884.625,483871.457
1221,534551.1875,-51075.96484,73717.875,608269.0625,483475.2227
1222,534551.1875,-51466.57813,73094.625,607645.8125,483084.6094
1223,534551.1875,-51851.49219,72464.125,607015.3125,482699.6953
1224,534551.1875,-52230.62109,71826.5625,606377.75,482320.5664
1225,534551.1875,-52603.88281,71182.3125,605733.5,481947.3047
1226,534551.1875,-52971.20313,70531.75,605082.9375,481579.9844
1227,534551.1875,-53332.49219,69875.0625,604426.25,481218.6953
1228,534551.1875,-53687.67578,69212.6875,603763.875,480863.5117
1229,534551.1875,-54036.67188,68544.8125,603096,480514.5156
1230,534551.1875,-54379.39844,67871.875,602423.0625,480171.7891
1231,534551.1875,-54715.76953,67194.1875,601745.375,479835.418
1232,534551.1875,-55045.71094,66511.9375,601063.125,479505.4766
1233,534551.1875,-55369.14063,65825.5625,600376.75,479182.0469
1234,534551.1875,-55685.97266,65135.375,599686.5625,478865.2148
1235,534551.1875,-55996.12891,64441.625,598992.8125,478555.0586
1236,534551.1875,-56299.53125,63744.6875,598295.875,478251.6563
1237,534551.1875,-56596.09375,63044.875,597596.0625,477955.0938
1238,534551.1875,-56885.73438,62342.5,596893.6875,477665.4531
1239,534551.1875,-57168.37891,61637.8125,596189,477382.8086
1240,534551.1875,-57443.9375,60931.1875,595482.375,477107.25
1241,534551.1875,-57712.33594,60223,594774.1875,476838.8516
1242,534551.1875,-57973.49219,59513.4375,594064.625,476577.6953
1243,534551.1875,-58227.32031,58802.9375,593354.125,476323.8672
1244,534551.1875,-58473.74219,58091.75,592642.9375,476077.4453
1245,534551.1875,-58712.67969,57380.1875,591931.375,475838.5078
1246,534551.1875,-58944.04688,56668.5625,591219.75,475607.1406
1247,534551.1875,-59167.76563,55957.25,590508.4375,475383.4219
1248,534551.1875,-59383.75391,55246.5625,589797.75,475167.4336
1249,534551.1875,-59591.92969,54536.6875,589087.875,474959.2578
1250,534551.1875,-59792.21094,53828.125,588379.3125,474758.9766
1251,534551.1875,-59984.51953,53121.0625,587672.25,474566.668
1252,534551.1875,-60168.77344,52415.875,586967.0625,474382.4141
1253,534551.1875,-60344.89453,51712.875,586264.0625,474206.293
1254,534551.1875,-60512.79297,51012.375,585563.5625,474038.3945
1255,534551.1875,-60672.39453,50314.625,584865.8125,473878.793
1256,534551.1875,-60823.61719,49620.0625,584171.25,473727.5703
1257,534551.1875,-60966.375,48928.9375,583480.125,473584.8125
1258,534551.1875,-61100.59375,48241.5625,582792.75,473450.5938
1259,534551.1875,-61226.19141,47558.25,582109.4375,473324.9961
1260,534551.1875,-61343.08203,46879.3125,581430.5,473208.1055
1261,534551.1875,-61451.1875,46205.125,580756.3125,473100
1262,534551.1875,-61550.48828,45535.875,580087.0625,473000.6992
1263,534551.1875,-61641.22656,44871.75,579422.9375,472909.9609
1264,534551.1875,-61723.69531,44212.625,578763.8125,472827.4922
1265,534551.1875,-61798.19531,43558.625,578109.8125,472752.9922
1266,534551.1875,-61865.02734,42909.75,577460.9375,472686.1602
1267,534551.1875,-61924.49219,42266,576817.1875,472626.6953
1268,534551.1875,-61976.89063,41627.4375,576178.625,472574.2969
1269,534551.1875,-62022.51953,40994.125,575545.3125,472528.668
1270,534551.1875,-62061.67578,40365.9375,574917.125,472489.5117
1271,534551.1875,-62094.66797,39743,574294.1875,472456.5195
1272,534551.1875,-62121.78516,39125.375,573676.5625,472429.4023
1273,534551.1875,-62143.33594,38513,573064.1875,472407.8516
1274,534551.1875,-62159.61328,37906,572457.1875,472391.5742
1275,534551.1875,-62170.92188,37304.25,571855.4375,472380.2656
1276,534551.1875,-62177.5625,36707.9375,571259.125,472373.625
1277,534551.1875,-62179.82813,36116.9375,570668.125,472371.3594
1278,534551.1875,-62178.01953,35531.375,570082.5625,472373.168
1279,534551.1875,-62172.44531,34951.25,569502.4375,472378.7422
1280,534551.1875,-62163.39453,34376.5625,568927.75,472387.793
1281,534551.1875,-62151.17188,33807.375,568358.5625,472400.0156
1282,534551.1875,-62136.07813,33243.6875,567794.875,472415.1094
1283,534551.1875,-62118.41016,32685.5,567236.6875,472432.7773
1284,534551.1875,-62098.46875,32132.875,566684.0625,472452.7188
1285,534551.1875,-62076.55078,31585.8125,566137,472474.6367
1286,534551.1875,-62052.96094,31044.375,565595.5625,472498.2266
1287,534551.1875,-62028,30508.5625,565059.75,472523.1875
1288,534551.1875,-62001.96094,29978.375,564529.5625,472549.2266
1289,534551.1875,-61975.14453,29453.875,564005.0625,472576.043
1290,534551.1875,-61947.85547,28935,563486.1875,472603.332
1291,534551.1875,-61920.39063,28421.9375,562973.125,472630.7969
1292,534551.1875,-61893.05078,27914.5625,562465.75,472658.1367
1293,534551.1875,-61866.13281,27412.9375,561964.125,472685.0547
1294,534551.1875,-61839.94141,26917.125,561468.3125,472711.2461
1295,534551.1875,-61814.76953,26427.125,560978.3125,472736.418
1296,534551.1875,-61790.92188,25942.9375,560494.125,472760.2656
1297,534551.1875,-61768.69531,25464.625,560015.8125,472782.4922
1298,534551.1875,-61748.39063,24992.1875,559543.375,472802.7969
1299,534551.1875,-61730.30859,24525.625,559076.8125,472820.8789
1300,534551.1875,-61714.75,24065.0625,558616.25,472836.4375
1301,534551.1875,-61702.01172,23610.4375,558161.625,472849.1758
1302,534551.1875,-61692.39063,23161.75,557712.9375,472858.7969
1303,534551.1875,-61686.19531,22719.0625,557270.25,472864.9922
1304,534551.1875,-61683.71875,22282.4375,556833.625,472867.4688
1305,534551.1875,-61685.25781,21851.8125,556403,472865.9297
1306,534551.1875,-61691.12109,21427.3125,555978.5,472860.0664
1307,534551.1875,-61701.60156,21008.875,555560.0625,472849.5859
1308,534551.1875,-61717.00391,20596.5625,555147.75,472834.1836
1309,534551.1875,-61737.62109,20190.375,554741.5625,472813.5664
1310,534551.1875,-61763.75781,19790.375,554341.5625,472787.4297
1311,534551.1875,-61795.71484,19396.625,553947.8125,472755.4727
1312,534551.1875,-61833.78516,19009,553560.1875,472717.4023
1313,534551.1875,-61878.27734,18627.625,553178.8125,472672.9102
1314,534551.1875,-61929.48438,18252.5625,552803.75,472621.7031
1315,534551.1875,-61987.70703,17883.75,552434.9375,472563.4805
1316,534551.1875,-62053.25,17521.25,552072.4375,472497.9375
1317,534551.1875,-62126.40625,17165.125,551716.3125,472424.7813
1318,534551.1875,-62207.47656,16815.3125,551366.5,472343.7109
1319,534551.1875,-62296.76563,16471.875,551023.0625,472254.4219
1320,534551.1875,-62394.57031,16134.8125,550686,472156.6172
1321,534551.1875,-62501.1875,15804.25,550355.4375,472050
1322,534551.1875,-62616.83984,15480.0625,550031.25,471934.3477
1323,534551.1875,-62741.42578,15162.125,549713.3125,471809.7617
1324,534551.1875,-62874.76563,14850.1875,549401.375,471676.4219
1325,534551.1875,-63016.67969,14544.0625,549095.25,471534.5078
1326,534551.1875,-63166.98438,14243.5625,548794.75,471384.2031
1327,534551.1875,-63325.5,13948.375,548499.5625,471225.6875
1328,534551.1875,-63492.04297,13658.375,548209.5625,471059.1445
1329,534551.1875,-63666.44141,13373.25,547924.4375,470884.7461
1330,534551.1875,-63848.50781,13092.9375,547644.125,470702.6797
1331,534551.1875,-64038.05859,12817.0625,547368.25,470513.1289
1332,534551.1875,-64234.92188,12545.5,547096.6875,470316.2656
1333,534551.1875,-64438.91016,12277.9375,546829.125,470112.2773
1334,534551.1875,-64649.84766,12014.3125,546565.5,469901.3398
1335,534551.1875,-64867.55078,11754.3125,546305.5,469683.6367
1336,534551.1875,-65091.83594,11497.6875,546048.875,469459.3516
1337,534551.1875,-65322.52734,11244.3125,545795.5,469228.6602
1338,534551.1875,-65559.44531,10993.875,545545.0625,468991.7422
1339,534551.1875,-65802.40625,10746.25,545297.4375,468748.7813
1340,534551.1875,-66051.22656,10501.1875,545052.375,468499.9609
1341,534551.1875,-66305.72656,10258.375,544809.5625,468245.4609
1342,534551.1875,-66565.73438,10017.75,544568.9375,467985.4531
1343,534551.1875,-66831.0625,9779.0625,544330.25,467720.125
1344,534551.1875,-67101.52344,9542,544093.1875,467449.6641
1345,534551.1875,-67376.95313,9306.4375,543857.625,467174.2344
1346,534551.1875,-67657.15625,9072.0625,543623.25,466894.0313
1347,534551.1875,-67941.96094,8838.8125,543390,466609.2266
1348,534551.1875,-68231.17969,8606.3125,543157.5,466320.0078
1349,534551.1875,-68524.63281,8374.4375,542925.625,466026.5547
1350,534551.1875,-68822.14844,8143,542694.1875,465729.0391
1351,534551.1875,-69123.53906,7911.6875,542462.875,465427.6484
1352,534551.1875,-69428.61719,7680.3125,542231.5,465122.5703
1353,534551.1875,-69737.21875,7448.6875,541999.875,464813.9688
1354,534551.1875,-70049.14844,7216.5625,541767.75,464502.0391
1355,534551.1875,-70364.22656,6983.75,541534.9375,464186.9609
1356,534551.1875,-70682.28125,6750.0625,541301.25,463868.9063
1357,534551.1875,-71003.13281,6515.1875,541066.375,463548.0547
1358,534551.1875,-71326.58594,6279,540830.1875,463224.6016
1359,534551.1875,-71652.47656,6041.25,540592.4375,462898.7109
1360,534551.1875,-71980.61719,5801.6875,540352.875,462570.5703
1361,534551.1875,-72310.82031,5560.1875,540111.375,462240.3672
1362,534551.1875,-72642.91406,5316.375,539867.5625,461908.2734
1363,534551.1875,-72976.71875,5070.1875,539621.375,461574.4688
1364,534551.1875,-73312.04688,4821.375,539372.5625,461239.1406
1365,534551.1875,-73648.71875,4569.6875,539120.875,460902.4688
1366,534551.1875,-73986.5625,4314.9375,538866.125,460564.625
1367,534551.1875,-74325.39063,4056.8125,538608,460225.7969
1368,534551.1875,-74665.01563,3795.25,538346.4375,459886.1719
1369,534551.1875,-75005.27344,3529.9375,538081.125,459545.9141
1370,534551.1875,-75345.96875,3260.6875,537811.875,459205.2188
1371,534551.1875,-75686.92188,2987.25,537538.4375,458864.2656
1372,534551.1875,-76027.96094,2709.4375,537260.625,458523.2266
1373,534551.1875,-76368.90625,2427,536978.1875,458182.2813
1374,534551.1875,-76709.57031,2139.8125,536691,457841.6172
1375,534551.1875,-77049.76563,1847.5625,536398.75,457501.4219
1376,534551.1875,-77389.32813,1550.0625,536101.25,457161.8594
1377,534551.1875,-77728.0625,1247.0625,535798.25,456823.125
1378,534551.1875,-78065.80469,938.4375,535489.625,456485.3828
1379,534551.1875,-78402.35156,623.875,535175.0625,456148.8359
1380,534551.1875,-78737.53906,303.25,534854.4375,455813.6484
1381,534551.1875,-79071.1875,-23.75,534527.4375,455480
1382,534551.1875,-79403.10938,-357.3125,534193.875,455148.0781
1383,534551.1875,-79733.125,-697.5625,533853.625,454818.0625
1384,534551.1875,-80061.04688,-1044.875,533506.3125,454490.1406
1385,534551.1875,-80386.71094,-1399.3125,533151.875,454164.4766
1386,534551.1875,-80709.92188,-1761.25,532789.9375,453841.2656
1387,534551.1875,-81030.50781,-2130.75,532420.4375,453520.6797
1388,534551.1875,-81348.28125,-2508.125,532043.0625,453202.9063
1389,534551.1875,-81663.07031,-2893.5625,531657.625,452888.1172
1390,534551.1875,-81974.6875,-3287.25,531263.9375,452576.5
1391,534551.1875,-82282.95313,-3689.4375,530861.75,452268.2344
1392,534551.1875,-82587.6875,-4100.375,530450.8125,451963.5
1393,534551.1875,-82888.70313,-4520.25,530030.9375,451662.4844
1394,534551.1875,-83185.83594,-4949.25,529601.9375,451365.3516
1395,534551.1875,-83478.89063,-5387.625,529163.5625,451072.2969
1396,534551.1875,-83767.6875,-5835.5625,528715.625,450783.5
1397,534551.1875,-84052.05469,-6293.3125,528257.875,450499.1328
1398,534551.1875,-84331.80469,-6761.0625,527790.125,450219.3828
1399,534551.1875,-84606.75781,-7239.0625,527312.125,449944.4297
1400,534551.1875,-84876.73438,-7727.5,526823.6875,449674.4531
1401,534551.1875,-85141.55469,-8226.5625,526324.625,449409.6328
1402,534551.1875,-85401.03906,-8736.5625,525814.625,449150.1484
1403,534551.1875,-85655,-9257.625,525293.5625,448896.1875
1404,534551.1875,-85903.25781,-9790,524761.1875,448647.9297
1405,534551.1875,-86145.64063,-10333.9375,524217.25,448405.5469
1406,534551.1875,-86381.96875,-10889.59375,523661.5938,448169.2188
1407,534551.1875,-86612.04688,-11457.21875,523093.9688,447939.1406
1408,534551.1875,-86835.70313,-12037.03125,522514.1563,447715.4844
1409,534551.1875,-87052.75781,-12629.25,521921.9375,447498.4297
1410,534551.1875,-87263.03125,-13234.0625,521317.125,447288.1563
1411,534551.1875,-87466.33594,-13851.71875,520699.4688,447084.8516
1412,534551.1875,-87662.5,-14482.40625,520068.7813,446888.6875
1413,534551.1875,-87851.33594,-15126.375,519424.8125,446699.8516
1414,534551.1875,-88032.67188,-15783.8125,518767.375,446518.5156
1415,534551.1875,-88206.3125,-16454.9375,518096.25,446344.875
1416,534551.1875,-88372.09375,-17140,517411.1875,446179.0938
1417,534551.1875,-88529.82031,-17839.1875,516712,446021.3672
1418,534551.1875,-88679.32031,-18552.71875,515998.4688,445871.8672
1419,534551.1875,-88820.41406,-19280.8125,515270.375,445730.7734
1420,534551.1875,-88952.91406,-20023.6875,514527.5,445598.2734
1421,534551.1875,-89076.64844,-20781.5625,513769.625,445474.5391
1422,534551.1875,-89191.42188,-21554.625,512996.5625,445359.7656
1423,534551.1875,-89297.07031,-22343.15625,512208.0313,445254.1172
1424,534551.1875,-89393.40625,-23147.3125,511403.875,445157.7813
1425,534551.1875,-89480.25,-23967.34375,510583.8438,445070.9375
1426,534551.1875,-89557.41406,-24803.4375,509747.75,444993.7734
1427,534551.1875,-89624.72656,-25655.84375,508895.3438,444926.4609
1428,534551.1875,-89682,-26524.75,508026.4375,444869.1875
1429,534551.1875,-89729.0625,-27410.40625,507140.7813,444822.125
1430,534551.1875,-89765.72656,-28313,506238.1875,444785.4609
1431,534551.1875,-89791.8125,-29232.75,505318.4375,444759.375
1432,534551.1875,-89807.14063,-30169.90625,504381.2813,444744.0469
1433,534551.1875,-89811.53125,-31124.625,503426.5625,444739.6563
1434,534551.1875,-89804.80469,-32097.15625,502454.0313,444746.3828
1435,534551.1875,-89786.77344,-33087.75,501463.4375,444764.4141
1436,534551.1875,-89757.26563,-34096.5625,500454.625,444793.9219
1437,534551.1875,-89716.09375,-35123.84375,499427.3438,444835.0938
1438,534551.1875,-89663.08594,-36169.8125,498381.375,444888.1016
1439,534551.1875,-89598.04688,-37234.6875,497316.5,444953.1406
1440,534551.1875,-89520.8125,-38318.65625,496232.5313,445030.375
