X_Value,Base,Variation,Y_Value
1,534551.1875,-49177.875,485373.3125
2,534551.1875,-49531.5,485019.6875
3,534551.1875,-49934.09375,484617.0938
4,534551.1875,-50384.09375,484167.0938
5,534551.1875,-50880,483671.1875
6,534551.1875,-51420.34375,483130.8438
7,534551.1875,-52003.5625,482547.625
8,534551.1875,-52628.1875,481923
9,534551.1875,-53292.6875,481258.5
10,534551.1875,-53995.53125,480555.6563
11,534551.1875,-54735.25,479815.9375
12,534551.1875,-55510.34375,479040.8438
13,534551.1875,-56319.25,478231.9375
14,534551.1875,-57160.46875,477390.7188
15,534551.1875,-58032.53125,476518.6563
16,534551.1875,-58933.90625,475617.2813
17,534551.1875,-59863.0625,474688.125
18,534551.1875,-60818.5,473732.6875
19,534551.1875,-61798.71875,472752.4688
20,534551.1875,-62802.21875,471748.9688
21,534551.1875,-63827.46875,470723.7188
22,534551.1875,-64872.96875,469678.2188
23,534551.1875,-65937.1875,468614
24,534551.1875,-67018.65625,467532.5313
25,534551.1875,-68115.84375,466435.3438
26,534551.1875,-69227.21875,465323.9688
27,534551.1875,-70351.3125,464199.875
28,534551.1875,-71486.5625,463064.625
29,534551.1875,-72631.5,461919.6875
30,534551.1875,-73784.625,460766.5625
31,534551.1875,-74944.375,459606.8125
32,534551.1875,-76109.28125,458441.9063
33,534551.1875,-77277.8125,457273.375
34,534551.1875,-78448.5,456102.6875
35,534551.1875,-79619.78125,454931.4063
36,534551.1875,-80790.15625,453761.0313
37,534551.1875,-81958.125,452593.0625
38,534551.1875,-83122.21875,451428.9688
39,534551.1875,-84280.84375,450270.3438
40,534551.1875,-85432.5625,449118.625
41,534551.1875,-86575.8125,447975.375
42,534551.1875,-87709.125,446842.0625
43,534551.1875,-88830.96875,445720.2188
44,534551.1875,-89939.8125,444611.375
45,534551.1875,-91034.1875,443517
46,534551.1875,-92112.59375,442438.5938
47,534551.1875,-93173.46875,441377.7188
48,534551.1875,-94215.3125,440335.875
49,534551.1875,-95236.65625,439314.5313
50,534551.1875,-96235.9375,438315.25
51,534551.1875,-97211.6875,437339.5
52,534551.1875,-98162.375,436388.8125
53,534551.1875,-99086.5,435464.6875
54,534551.1875,-99982.5625,434568.625
55,534551.1875,-100849,433702.1875
56,534551.1875,-101684.375,432866.8125
57,534551.1875,-102487.125,432064.0625
58,534551.1875,-103255.75,431295.4375
59,534551.1875,-103988.75,430562.4375
60,534551.1875,-104684.625,429866.5625
61,534551.1875,-105341.8438,429209.3437
62,534551.1875,-105959.3125,428591.875
63,534551.1875,-106537.4688,428013.7187
64,534551.1875,-107077.1563,427474.0312
65,534551.1875,-107579.3125,426971.875
66,534551.1875,-108044.6875,426506.5
67,534551.1875,-108474.2188,426076.9687
68,534551.1875,-108868.75,425682.4375
69,534551.1875,-109229.125,425322.0625
70,534551.1875,-109556.1875,424995
71,534551.1875,-109850.8438,424700.3437
72,534551.1875,-110113.9063,424437.2812
73,534551.1875,-110346.25,424204.9375
74,534551.1875,-110548.7188,424002.4687
75,534551.1875,-110722.1875,423829
76,534551.1875,-110867.5,423683.6875
77,534551.1875,-110985.5313,423565.6562
78,534551.1875,-111077.1563,423474.0312
79,534551.1875,-111143.1875,423408
80,534551.1875,-111184.5,423366.6875
81,534551.1875,-111201.9375,423349.25
82,534551.1875,-111196.4063,423354.7812
83,534551.1875,-111168.7188,423382.4687
84,534551.1875,-111119.75,423431.4375
85,534551.1875,-111050.375,423500.8125
86,534551.1875,-110961.4063,423589.7812
87,534551.1875,-110853.7188,423697.4687
88,534551.1875,-110728.2188,423822.9687
89,534551.1875,-110585.6875,423965.5
90,534551.1875,-110427.0313,424124.1562
91,534551.1875,-110253.125,424298.0625
92,534551.1875,-110064.75,424486.4375
93,534551.1875,-109862.8438,424688.3437
94,534551.1875,-109648.25,424902.9375
95,534551.1875,-109421.7813,425129.4062
96,534551.1875,-109184.3438,425366.8437
97,534551.1875,-108936.75,425614.4375
98,534551.1875,-108679.9063,425871.2812
99,534551.1875,-108414.625,426136.5625
100,534551.1875,-108141.8125,426409.375
101,534551.1875,-107862.2813,426688.9062
102,534551.1875,-107576.9375,426974.25
103,534551.1875,-107286.5938,427264.5937
104,534551.1875,-106992.125,427559.0625
105,534551.1875,-106694.375,427856.8125
106,534551.1875,-106394.25,428156.9375
107,534551.1875,-106092.5625,428458.625
108,534551.1875,-105790.1563,428761.0312
109,534551.1875,-105487.9375,429063.25
110,534551.1875,-105186.75,429364.4375
111,534551.1875,-104887.4375,429663.75
112,534551.1875,-104590.875,429960.3125
113,534551.1875,-104297.875,430253.3125
114,534551.1875,-104009.3438,430541.8437
115,534551.1875,-103726.1563,430825.0312
116,534551.1875,-103449.0938,431102.0937
117,534551.1875,-103179.0938,431372.0937
118,534551.1875,-102916.9688,431634.2187
119,534551.1875,-102663.5938,431887.5937
120,534551.1875,-102419.8125,432131.375
121,534551.1875,-102186.5,432364.6875
122,534551.1875,-101964.3125,432586.875
123,534551.1875,-101753.1875,432798
124,534551.1875,-101552.8125,432998.375
125,534551.1875,-101362.9375,433188.25
126,534551.1875,-101183.2813,433367.9062
127,534551.1875,-101013.5625,433537.625
128,534551.1875,-100853.5313,433697.6562
129,534551.1875,-100702.9063,433848.2812
130,534551.1875,-100561.4063,433989.7812
131,534551.1875,-100428.75,434122.4375
132,534551.1875,-100304.6563,434246.5312
133,534551.1875,-100188.9063,434362.2812
134,534551.1875,-100081.1563,434470.0312
135,534551.1875,-99981.15625,434570.0313
136,534551.1875,-99888.65625,434662.5313
137,534551.1875,-99803.34375,434747.8438
138,534551.1875,-99724.96875,434826.2188
139,534551.1875,-99653.28125,434897.9063
140,534551.1875,-99587.9375,434963.25
141,534551.1875,-99528.71875,435022.4688
142,534551.1875,-99475.34375,435075.8438
143,534551.1875,-99427.53125,435123.6563
144,534551.1875,-99385,435166.1875
145,534551.1875,-99347.46875,435203.7188
146,534551.1875,-99314.6875,435236.5
147,534551.1875,-99286.375,435264.8125
148,534551.1875,-99262.25,435288.9375
149,534551.1875,-99242.03125,435309.1563
150,534551.1875,-99225.46875,435325.7188
151,534551.1875,-99212.28125,435338.9063
152,534551.1875,-99202.1875,435349
153,534551.1875,-99194.90625,435356.2813
154,534551.1875,-99190.15625,435361.0313
155,534551.1875,-99187.6875,435363.5
156,534551.1875,-99187.21875,435363.9688
157,534551.1875,-99188.5,435362.6875
158,534551.1875,-99191.1875,435360
159,534551.1875,-99195.0625,435356.125
160,534551.1875,-99199.875,435351.3125
161,534551.1875,-99205.28125,435345.9063
162,534551.1875,-99211.03125,435340.1563
163,534551.1875,-99216.875,435334.3125
164,534551.1875,-99222.53125,435328.6563
165,534551.1875,-99227.6875,435323.5
166,534551.1875,-99232.125,435319.0625
167,534551.1875,-99235.5625,435315.625
168,534551.1875,-99237.6875,435313.5
169,534551.1875,-99238.25,435312.9375
170,534551.1875,-99236.96875,435314.2188
171,534551.1875,-99233.5625,435317.625
172,534551.1875,-99227.78125,435323.4063
173,534551.1875,-99219.3125,435331.875
174,534551.1875,-99207.9375,435343.25
175,534551.1875,-99193.34375,435357.8438
176,534551.1875,-99175.28125,435375.9063
177,534551.1875,-99153.4375,435397.75
178,534551.1875,-99127.5625,435423.625
179,534551.1875,-99097.375,435453.8125
180,534551.1875,-99062.625,435488.5625
181,534551.1875,-99023,435528.1875
182,534551.1875,-98978.3125,435572.875
183,534551.1875,-98928.53125,435622.6563
184,534551.1875,-98873.75,435677.4375
185,534551.1875,-98813.96875,435737.2188
186,534551.1875,-98749.28125,435801.9063
187,534551.1875,-98679.71875,435871.4688
188,534551.1875,-98605.34375,435945.8438
189,534551.1875,-98526.1875,436025
190,534551.1875,-98442.34375,436108.8438
191,534551.1875,-98353.8125,436197.375
192,534551.1875,-98260.6875,436290.5
193,534551.1875,-98163,436388.1875
194,534551.1875,-98060.8125,436490.375
195,534551.1875,-97954.1875,436597
196,534551.1875,-97843.125,436708.0625
197,534551.1875,-97727.75,436823.4375
198,534551.1875,-97608.0625,436943.125
199,534551.1875,-97484.125,437067.0625
200,534551.1875,-97356,437195.1875
201,534551.1875,-97223.75,437327.4375
202,534551.1875,-97087.40625,437463.7813
203,534551.1875,-96947,437604.1875
204,534551.1875,-96802.625,437748.5625
205,534551.1875,-96654.34375,437896.8438
206,534551.1875,-96502.15625,438049.0313
207,534551.1875,-96346.125,438205.0625
208,534551.1875,-96186.34375,438364.8438
209,534551.1875,-96022.84375,438528.3438
210,534551.1875,-95855.65625,438695.5313
211,534551.1875,-95684.875,438866.3125
212,534551.1875,-95510.5,439040.6875
213,534551.1875,-95332.625,439218.5625
214,534551.1875,-95151.28125,439399.9063
215,534551.1875,-94966.5,439584.6875
216,534551.1875,-94778.40625,439772.7813
217,534551.1875,-94586.96875,439964.2188
218,534551.1875,-94392.3125,440158.875
219,534551.1875,-94194.40625,440356.7813
220,534551.1875,-93993.40625,440557.7813
221,534551.1875,-93789.25,440761.9375
222,534551.1875,-93582.09375,440969.0938
223,534551.1875,-93371.9375,441179.25
224,534551.1875,-93158.8125,441392.375
225,534551.1875,-92942.8125,441608.375
226,534551.1875,-92723.96875,441827.2188
227,534551.1875,-92502.34375,442048.8438
228,534551.1875,-92278,442273.1875
229,534551.1875,-92050.96875,442500.2188
230,534551.1875,-91821.28125,442729.9063
231,534551.1875,-91589.0625,442962.125
232,534551.1875,-91354.28125,443196.9063
233,534551.1875,-91117.03125,443434.1563
234,534551.1875,-90877.375,443673.8125
235,534551.1875,-90635.34375,443915.8438
236,534551.1875,-90391,444160.1875
237,534551.1875,-90144.375,444406.8125
238,534551.1875,-89895.5625,444655.625
239,534551.1875,-89644.5625,444906.625
240,534551.1875,-89391.46875,445159.7188
241,534551.1875,-89136.3125,445414.875
242,534551.1875,-88879.09375,445672.0938
243,534551.1875,-88619.625,445931.5625
244,534551.1875,-88357.5625,446193.625
245,534551.1875,-88092.71875,446458.4688
246,534551.1875,-87824.78125,446726.4063
247,534551.1875,-87553.4375,446997.75
248,534551.1875,-87278.5,447272.6875
249,534551.1875,-86999.625,447551.5625
250,534551.1875,-86716.59375,447834.5938
251,534551.1875,-86429.0625,448122.125
252,534551.1875,-86136.84375,448414.3438
253,534551.1875,-85839.625,448711.5625
254,534551.1875,-85537.125,449014.0625
255,534551.1875,-85229.0625,449322.125
256,534551.1875,-84915.1875,449636
257,534551.1875,-84595.25,449955.9375
258,534551.1875,-84268.9375,450282.25
259,534551.1875,-83936,450615.1875
260,534551.1875,-83596.125,450955.0625
261,534551.1875,-83249.09375,451302.0938
262,534551.1875,-82894.625,451656.5625
263,534551.1875,-82532.40625,452018.7813
264,534551.1875,-82162.21875,452388.9688
265,534551.1875,-81783.75,452767.4375
266,534551.1875,-81396.75,453154.4375
267,534551.1875,-81000.90625,453550.2813
268,534551.1875,-80596.03125,453955.1563
269,534551.1875,-80181.75,454369.4375
270,534551.1875,-79757.875,454793.3125
271,534551.1875,-79324.09375,455227.0938
272,534551.1875,-78880.125,455671.0625
273,534551.1875,-78425.71875,456125.4688
274,534551.1875,-77960.59375,456590.5938
275,534551.1875,-77484.46875,457066.7188
276,534551.1875,-76997.09375,457554.0938
277,534551.1875,-76498.15625,458053.0313
278,534551.1875,-75987.4375,458563.75
279,534551.1875,-75464.65625,459086.5313
280,534551.1875,-74929.5,459621.6875
281,534551.1875,-74381.71875,460169.4688
282,534551.1875,-73821.03125,460730.1563
283,534551.1875,-73247.1875,461304
284,534551.1875,-72659.90625,461891.2813
285,534551.1875,-72058.90625,462492.2813
286,534551.1875,-71443.9375,463107.25
287,534551.1875,-70814.6875,463736.5
288,534551.1875,-70170.90625,464380.2813
289,534551.1875,-69512.34375,465038.8438
290,534551.1875,-68838.6875,465712.5
291,534551.1875,-68149.6875,466401.5
292,534551.1875,-67445.0625,467106.125
293,534551.1875,-66724.5625,467826.625
294,534551.1875,-65987.875,468563.3125
295,534551.1875,-65234.78125,469316.4063
296,534551.1875,-64464.9375,470086.25
297,534551.1875,-63678.15625,470873.0313
298,534551.1875,-62874.09375,471677.0938
299,534551.1875,-62052.5,472498.6875
300,534551.1875,-61213.125,473338.0625
301,534551.1875,-60355.6875,474195.5
302,534551.1875,-59480.03125,475071.1563
303,534551.1875,-58586.65625,475964.5313
304,534551.1875,-57676.125,476875.0625
305,534551.1875,-56749.0625,477802.125
306,534551.1875,-55806.0625,478745.125
307,534551.1875,-54847.75,479703.4375
308,534551.1875,-53874.6875,480676.5
309,534551.1875,-52887.5,481663.6875
310,534551.1875,-51886.78125,482664.4063
311,534551.1875,-50873.125,483678.0625
312,534551.1875,-49847.15625,484704.0313
313,534551.1875,-48809.46875,485741.7188
314,534551.1875,-47760.65625,486790.5313
315,534551.1875,-46701.34375,487849.8438
316,534551.1875,-45632.09375,488919.0938
317,534551.1875,-44553.53125,489997.6563
318,534551.1875,-43466.28125,491084.9063
319,534551.1875,-42370.90625,492180.2813
320,534551.1875,-41268,493283.1875
321,534551.1875,-40158.21875,494392.9688
322,534551.1875,-39042.125,495509.0625
323,534551.1875,-37920.3125,496630.875
324,534551.1875,-36793.4375,497757.75
325,534551.1875,-35662.03125,498889.1563
326,534551.1875,-34526.75,500024.4375
327,534551.1875,-33388.15625,501163.0313
328,534551.1875,-32246.875,502304.3125
329,534551.1875,-31103.5,503447.6875
330,534551.1875,-29958.625,504592.5625
331,534551.1875,-28812.90625,505738.2813
332,534551.1875,-27666.875,506884.3125
333,534551.1875,-26521.15625,508030.0313
334,534551.1875,-25376.34375,509174.8438
335,534551.1875,-24233.0625,510318.125
336,534551.1875,-23091.9375,511459.25
337,534551.1875,-21953.5,512597.6875
338,534551.1875,-20818.40625,513732.7813
339,534551.1875,-19687.21875,514863.9688
340,534551.1875,-18560.5625,515990.625
341,534551.1875,-17439.0625,517112.125
342,534551.1875,-16323.28125,518227.9063
343,534551.1875,-15213.84375,519337.3438
344,534551.1875,-14111.34375,520439.8438
345,534551.1875,-13016.375,521534.8125
346,534551.1875,-11929.5625,522621.625
347,534551.1875,-10851.5,523699.6875
348,534551.1875,-9782.75,524768.4375
349,534551.1875,-8724,525827.1875
350,534551.1875,-7675.75,526875.4375
351,534551.1875,-6638.6875,527912.5
352,534551.1875,-5613.3125,528937.875
353,534551.1875,-4600.375,529950.8125
354,534551.1875,-3600.375,530950.8125
355,534551.1875,-2613.875,531937.3125
356,534551.1875,-1641.625,532909.5625
357,534551.1875,-684.0625,533867.125
358,534551.1875,258.0625,534809.25
359,534551.1875,1184.3125,535735.5
360,534551.1875,2093.9375,536645.125
361,534551.1875,2986.375,537537.5625
362,534551.1875,3861.25,538412.4375
363,534551.1875,4718.6875,539269.875
364,534551.1875,5559.1875,540110.375
365,534551.1875,6383.125,540934.3125
366,534551.1875,7190.875,541742.0625
367,534551.1875,7982.875,542534.0625
368,534551.1875,8759.5,543310.6875
369,534551.1875,9521.125,544072.3125
370,534551.1875,10268.125,544819.3125
371,534551.1875,11001,545552.1875
372,534551.1875,11720.125,546271.3125
373,534551.1875,12425.8125,546977
374,534551.1875,13118.5625,547669.75
375,534551.1875,13798.6875,548349.875
376,534551.1875,14466.6875,549017.875
377,534551.1875,15122.8125,549674
378,534551.1875,15767.625,550318.8125
379,534551.1875,16401.4375,550952.625
380,534551.1875,17024.6875,551575.875
381,534551.1875,17637.75,552188.9375
382,534551.1875,18241,552792.1875
383,534551.1875,18834.875,553386.0625
384,534551.1875,19419.75,553970.9375
385,534551.1875,19996.0625,554547.25
386,534551.1875,20564.1875,555115.375
387,534551.1875,21124.5,555675.6875
388,534551.1875,21677.375,556228.5625
389,534551.1875,22223.3125,556774.5
390,534551.1875,22762.6875,557313.875
391,534551.1875,23295.875,557847.0625
392,534551.1875,23823.1875,558374.375
393,534551.1875,24345.1875,558896.375
394,534551.1875,24862.1875,559413.375
395,534551.1875,25374.5625,559925.75
396,534551.1875,25882.75,560433.9375
397,534551.1875,26387.125,560938.3125
398,534551.1875,26888.125,561439.3125
399,534551.1875,27386.125,561937.3125
400,534551.1875,27881.5,562432.6875
401,534551.1875,28374.6875,562925.875
402,534551.1875,28866.125,563417.3125
403,534551.1875,29356.125,563907.3125
404,534551.1875,29845.125,564396.3125
405,534551.1875,30333.5,564884.6875
406,534551.1875,30821.6875,565372.875
407,534551.1875,31310.125,565861.3125
408,534551.1875,31799.0625,566350.25
409,534551.1875,32289.0625,566840.25
410,534551.1875,32780.4375,567331.625
411,534551.1875,33273.625,567824.8125
412,534551.1875,33769,568320.1875
413,534551.1875,34267,568818.1875
414,534551.1875,34767.9375,569319.125
415,534551.1875,35272.3125,569823.5
416,534551.1875,35780.4375,570331.625
417,534551.1875,36292.75,570843.9375
418,534551.1875,36809.6875,571360.875
419,534551.1875,37331.625,571882.8125
420,534551.1875,37858.9375,572410.125
421,534551.1875,38392,572943.1875
422,534551.1875,38931.125,573482.3125
423,534551.1875,39476.1875,574027.375
424,534551.1875,40026.6875,574577.875
425,534551.1875,40582.375,575133.5625
426,534551.1875,41142.9375,575694.125
427,534551.1875,41708,576259.1875
428,534551.1875,42277.1875,576828.375
429,534551.1875,42850.25,577401.4375
430,534551.1875,43426.75,577977.9375
431,534551.1875,44006.5,578557.6875
432,534551.1875,44589,579140.1875
433,534551.1875,45174,579725.1875
434,534551.1875,45761.1875,580312.375
435,534551.1875,46350.125,580901.3125
436,534551.1875,46940.5625,581491.75
437,534551.1875,47532.1875,582083.375
438,534551.1875,48124.5625,582675.75
439,534551.1875,48717.4375,583268.625
440,534551.1875,49310.375,583861.5625
441,534551.1875,49903.1875,584454.375
442,534551.1875,50495.375,585046.5625
443,534551.1875,51086.75,585637.9375
444,534551.1875,51676.875,586228.0625
445,534551.1875,52265.5,586816.6875
446,534551.1875,52852.1875,587403.375
447,534551.1875,53436.625,587987.8125
448,534551.1875,54018.5625,588569.75
449,534551.1875,54597.5625,589148.75
450,534551.1875,55173.375,589724.5625
451,534551.1875,55745.5625,590296.75
452,534551.1875,56313.8125,590865
453,534551.1875,56877.875,591429.0625
454,534551.1875,57437.375,591988.5625
455,534551.1875,57991.9375,592543.125
456,534551.1875,58541.1875,593092.375
457,534551.1875,59084.9375,593636.125
458,534551.1875,59622.6875,594173.875
459,534551.1875,60154.1875,594705.375
460,534551.1875,60679.125,595230.3125
461,534551.1875,61197.0625,595748.25
462,534551.1875,61707.8125,596259
463,534551.1875,62210.875,596762.0625
464,534551.1875,62706,597257.1875
465,534551.1875,63192.875,597744.0625
466,534551.1875,63671.125,598222.3125
467,534551.1875,64140.375,598691.5625
468,534551.1875,64600.375,599151.5625
469,534551.1875,65050.75,599601.9375
470,534551.1875,65491.125,600042.3125
471,534551.1875,65921.25,600472.4375
472,534551.1875,66340.6875,600891.875
473,534551.1875,66749.125,601300.3125
474,534551.1875,67146.3125,601697.5
475,534551.1875,67531.8125,602083
476,534551.1875,67905.375,602456.5625
477,534551.1875,68266.5625,602817.75
478,534551.1875,68615.125,603166.3125
479,534551.1875,68950.6875,603501.875
480,534551.1875,69272.875,603824.0625
481,534551.1875,69581.4375,604132.625
482,534551.1875,69876.0625,604427.25
483,534551.1875,70157.0625,604708.25
484,534551.1875,70424.625,604975.8125
485,534551.1875,70679.0625,605230.25
486,534551.1875,70920.75,605471.9375
487,534551.1875,71150,605701.1875
488,534551.1875,71367,605918.1875
489,534551.1875,71572.1875,606123.375
490,534551.1875,71765.75,606316.9375
491,534551.1875,71948.125,606499.3125
492,534551.1875,72119.5,606670.6875
493,534551.1875,72280.1875,606831.375
494,534551.1875,72430.625,606981.8125
495,534551.1875,72570.9375,607122.125
496,534551.1875,72701.5625,607252.75
497,534551.1875,72822.75,607373.9375
498,534551.1875,72934.75,607485.9375
499,534551.1875,73038,607589.1875
500,534551.1875,73132.75,607683.9375
501,534551.1875,73219.25,607770.4375
502,534551.1875,73297.8125,607849
503,534551.1875,73368.8125,607920
504,534551.1875,73432.5,607983.6875
505,534551.1875,73489.25,608040.4375
506,534551.1875,73539.25,608090.4375
507,534551.1875,73582.875,608134.0625
508,534551.1875,73620.4375,608171.625
509,534551.1875,73652.25,608203.4375
510,534551.1875,73678.5625,608229.75
511,534551.1875,73699.75,608250.9375
512,534551.1875,73716.0625,608267.25
513,534551.1875,73727.8125,608279
514,534551.1875,73735.3125,608286.5
515,534551.1875,73738.875,608290.0625
516,534551.1875,73738.8125,608290
517,534551.1875,73735.4375,608286.625
518,534551.1875,73729,608280.1875
519,534551.1875,73719.8125,608271
520,534551.1875,73708.25,608259.4375
521,534551.1875,73694.5625,608245.75
522,534551.1875,73679.125,608230.3125
523,534551.1875,73662.125,608213.3125
524,534551.1875,73643.9375,608195.125
525,534551.1875,73624.8125,608176
526,534551.1875,73605.1875,608156.375
527,534551.1875,73585.1875,608136.375
528,534551.1875,73565.3125,608116.5
529,534551.1875,73545.6875,608096.875
530,534551.1875,73526.6875,608077.875
531,534551.1875,73508.6875,608059.875
532,534551.1875,73491.875,608043.0625
533,534551.1875,73476.625,608027.8125
534,534551.1875,73463.25,608014.4375
535,534551.1875,73452,608003.1875
536,534551.1875,73443.25,607994.4375
537,534551.1875,73437.1875,607988.375
538,534551.1875,73434.25,607985.4375
539,534551.1875,73434.6875,607985.875
540,534551.1875,73438.8125,607990
541,534551.1875,73446.9375,607998.125
542,534551.1875,73459.3125,608010.5
543,534551.1875,73476,608027.1875
544,534551.1875,73497.0625,608048.25
545,534551.1875,73522.5,608073.6875
546,534551.1875,73552.4375,608103.625
547,534551.1875,73586.9375,608138.125
548,534551.1875,73625.9375,608177.125
549,534551.1875,73669.5,608220.6875
550,534551.1875,73717.75,608268.9375
551,534551.1875,73770.625,608321.8125
552,534551.1875,73828.25,608379.4375
553,534551.1875,73890.625,608441.8125
554,534551.1875,73957.8125,608509
555,534551.1875,74029.8125,608581
556,534551.1875,74106.75,608657.9375
557,534551.1875,74188.625,608739.8125
558,534551.1875,74275.4375,608826.625
559,534551.1875,74367.3125,608918.5
560,534551.1875,74464.25,609015.4375
561,534551.1875,74566.25,609117.4375
562,534551.1875,74673.4375,609224.625
563,534551.1875,74785.8125,609337
564,534551.1875,74903.375,609454.5625
565,534551.1875,75026.25,609577.4375
566,534551.1875,75154.4375,609705.625
567,534551.1875,75288,609839.1875
568,534551.1875,75426.9375,609978.125
569,534551.1875,75571.375,610122.5625
570,534551.1875,75721.25,610272.4375
571,534551.1875,75876.6875,610427.875
572,534551.1875,76037.6875,610588.875
573,534551.1875,76204.3125,610755.5
574,534551.1875,76376.625,610927.8125
575,534551.1875,76554.5625,611105.75
576,534551.1875,76738.3125,611289.5
577,534551.1875,76927.875,611479.0625
578,534551.1875,77123.1875,611674.375
579,534551.1875,77324.4375,611875.625
580,534551.1875,77531.625,612082.8125
581,534551.1875,77744.75,612295.9375
582,534551.1875,77963.875,612515.0625
583,534551.1875,78189.0625,612740.25
584,534551.1875,78420.3125,612971.5
585,534551.1875,78657.6875,613208.875
586,534551.1875,78901.25,613452.4375
587,534551.1875,79151.0625,613702.25
588,534551.1875,79407.125,613958.3125
589,534551.1875,79669.4375,614220.625
590,534551.1875,79938.1875,614489.375
591,534551.1875,80213.25,614764.4375
592,534551.1875,80494.8125,615046
593,534551.1875,80782.8125,615334
594,534551.1875,81077.3125,615628.5
595,534551.1875,81378.4375,615929.625
596,534551.1875,81686.125,616237.3125
597,534551.1875,82000.4375,616551.625
598,534551.1875,82321.5,616872.6875
599,534551.1875,82649.25,617200.4375
600,534551.1875,82983.75,617534.9375
601,534551.1875,83325.125,617876.3125
602,534551.1875,83673.25,618224.4375
603,534551.1875,84027.875,618579.0625
604,534551.1875,84388.625,618939.8125
605,534551.1875,84755.125,619306.3125
606,534551.1875,85126.9375,619678.125
607,534551.1875,85503.75,620054.9375
608,534551.1875,85885.125,620436.3125
609,534551.1875,86270.75,620821.9375
610,534551.1875,86660.25,621211.4375
611,534551.1875,87053.1875,621604.375
612,534551.1875,87449.1875,622000.375
613,534551.1875,87847.9375,622399.125
614,534551.1875,88249,622800.1875
615,534551.1875,88652.0625,623203.25
616,534551.1875,89056.6875,623607.875
617,534551.1875,89462.5,624013.6875
618,534551.1875,89869.125,624420.3125
619,534551.1875,90276.25,624827.4375
620,534551.1875,90683.4375,625234.625
621,534551.1875,91090.3125,625641.5
622,534551.1875,91496.5,626047.6875
623,534551.1875,91901.625,626452.8125
624,534551.1875,92305.3125,626856.5
625,534551.1875,92707.25,627258.4375
626,534551.1875,93106.9375,627658.125
627,534551.1875,93504.0625,628055.25
628,534551.1875,93898.3125,628449.5
629,534551.1875,94289.1875,628840.375
630,534551.1875,94676.375,629227.5625
631,534551.1875,95059.4375,629610.625
632,534551.1875,95438.125,629989.3125
633,534551.1875,95811.9375,630363.125
634,534551.1875,96180.625,630731.8125
635,534551.1875,96543.625,631094.8125
636,534551.1875,96900.75,631451.9375
637,534551.1875,97251.5,631802.6875
638,534551.1875,97595.5625,632146.75
639,534551.1875,97932.5,632483.6875
640,534551.1875,98262,632813.1875
641,534551.1875,98583.625,633134.8125
642,534551.1875,98897.0625,633448.25
643,534551.1875,99201.875,633753.0625
644,534551.1875,99497.6875,634048.875
645,534551.1875,99784.1875,634335.375
646,534551.1875,100060.9375,634612.125
647,534551.1875,100327.625,634878.8125
648,534551.1875,100583.8125,635135
649,534551.1875,100829.125,635380.3125
650,534551.1875,101063.1875,635614.375
651,534551.1875,101285.6875,635836.875
652,534551.1875,101496.125,636047.3125
653,534551.1875,101694.25,636245.4375
654,534551.1875,101879.625,636430.8125
655,534551.1875,102051.8125,636603
656,534551.1875,102210.5625,636761.75
657,534551.1875,102355.4375,636906.625
658,534551.1875,102486.0625,637037.25
659,534551.1875,102602,637153.1875
660,534551.1875,102703,637254.1875
661,534551.1875,102788.5625,637339.75
662,534551.1875,102858.5625,637409.75
663,534551.1875,102913.3125,637464.5
664,534551.1875,102953.4375,637504.625
665,534551.1875,102979.4375,637530.625
666,534551.1875,102991.9375,637543.125
667,534551.1875,102991.4375,637542.625
668,534551.1875,102978.5625,637529.75
669,534551.1875,102953.75,637504.9375
670,534551.1875,102917.6875,637468.875
671,534551.1875,102870.8125,637422
672,534551.1875,102813.8125,637365
673,534551.1875,102747.125,637298.3125
674,534551.1875,102671.375,637222.5625
675,534551.1875,102587.0625,637138.25
676,534551.1875,102494.8125,637046
677,534551.1875,102395.125,636946.3125
678,534551.1875,102288.5625,636839.75
679,534551.1875,102175.75,636726.9375
680,534551.1875,102057.1875,636608.375
681,534551.1875,101933.375,636484.5625
682,534551.1875,101805,636356.1875
683,534551.1875,101672.5,636223.6875
684,534551.1875,101536.5,636087.6875
685,534551.1875,101397.5625,635948.75
686,534551.1875,101256.1875,635807.375
687,534551.1875,101113,635664.1875
688,534551.1875,100968.5,635519.6875
689,534551.1875,100823.25,635374.4375
690,534551.1875,100677.8125,635229
691,534551.1875,100532.75,635083.9375
692,534551.1875,100388.6875,634939.875
693,534551.1875,100246.0625,634797.25
694,534551.1875,100105.4375,634656.625
695,534551.1875,99967.5,634518.6875
696,534551.1875,99832.6875,634383.875
697,534551.1875,99701.5625,634252.75
698,534551.1875,99574.75,634125.9375
699,534551.1875,99452.75,634003.9375
700,534551.1875,99336.125,633887.3125
701,534551.1875,99225.5,633776.6875
702,534551.1875,99121.3125,633672.5
703,534551.1875,99024.1875,633575.375
704,534551.1875,98934.6875,633485.875
705,534551.1875,98853.3125,633404.5
706,534551.1875,98780.75,633331.9375
707,534551.1875,98717.375,633268.5625
708,534551.1875,98663.875,633215.0625
709,534551.1875,98620.8125,633172
710,534551.1875,98588.625,633139.8125
711,534551.1875,98568,633119.1875
712,534551.1875,98559.4375,633110.625
713,534551.1875,98563.4375,633114.625
714,534551.1875,98580.6875,633131.875
715,534551.1875,98611.625,633162.8125
716,534551.1875,98656.875,633208.0625
717,534551.1875,98716.9375,633268.125
718,534551.1875,98792.4375,633343.625
719,534551.1875,98883.875,633435.0625
720,534551.1875,98991.8125,633543
721,534551.1875,99116.875,633668.0625
722,534551.1875,99259.3125,633810.5
723,534551.1875,99418.4375,633969.625
724,534551.1875,99593.375,634144.5625
725,534551.1875,99783.25,634334.4375
726,534551.1875,99987.1875,634538.375
727,534551.1875,100204.1875,634755.375
728,534551.1875,100433.375,634984.5625
729,534551.1875,100673.8125,635225
730,534551.1875,100924.75,635475.9375
731,534551.1875,101185.125,635736.3125
732,534551.1875,101454.0625,636005.25
733,534551.1875,101730.6875,636281.875
734,534551.1875,102014.0625,636565.25
735,534551.1875,102303.375,636854.5625
736,534551.1875,102597.625,637148.8125
737,534551.1875,102895.875,637447.0625
738,534551.1875,103197.375,637748.5625
739,534551.1875,103501.0625,638052.25
740,534551.1875,103806.125,638357.3125
741,534551.1875,104111.625,638662.8125
742,534551.1875,104416.625,638967.8125
743,534551.1875,104720.3125,639271.5
744,534551.1875,105021.6875,639572.875
745,534551.1875,105319.875,639871.0625
746,534551.1875,105614,640165.1875
747,534551.1875,105903.1875,640454.375
748,534551.1875,106186.4375,640737.625
749,534551.1875,106462.875,641014.0625
750,534551.1875,106731.625,641282.8125
751,534551.1875,106991.8125,641543
752,534551.1875,107242.4375,641793.625
753,534551.1875,107482.6875,642033.875
754,534551.1875,107711.625,642262.8125
755,534551.1875,107928.3125,642479.5
756,534551.1875,108131.875,642683.0625
757,534551.1875,108321.375,642872.5625
758,534551.1875,108496,643047.1875
759,534551.1875,108654.75,643205.9375
760,534551.1875,108796.75,643347.9375
761,534551.1875,108921.125,643472.3125
762,534551.1875,109026.9375,643578.125
763,534551.1875,109113.3125,643664.5
764,534551.1875,109179.25,643730.4375
765,534551.1875,109224,643775.1875
766,534551.1875,109246.5625,643797.75
767,534551.1875,109246,643797.1875
768,534551.1875,109221.5,643772.6875
769,534551.1875,109172.125,643723.3125
770,534551.1875,109096.875,643648.0625
771,534551.1875,108995,643546.1875
772,534551.1875,108865.5,643416.6875
773,534551.1875,108707.5625,643258.75
774,534551.1875,108520.125,643071.3125
775,534551.1875,108302.4375,642853.625
776,534551.1875,108053.5,642604.6875
777,534551.1875,107772.4375,642323.625
778,534551.1875,107458.3125,642009.5
779,534551.1875,107110.3125,641661.5
780,534551.1875,106727.4375,641278.625
781,534551.1875,106308.875,640860.0625
782,534551.1875,105854,640405.1875
783,534551.1875,105363.75,639914.9375
784,534551.1875,104839.5,639390.6875
785,534551.1875,104282.5,638833.6875
786,534551.1875,103694.0625,638245.25
787,534551.1875,103075.4375,637626.625
788,534551.1875,102428,636979.1875
789,534551.1875,101753.0625,636304.25
790,534551.1875,101051.8125,635603
791,534551.1875,100325.6875,634876.875
792,534551.1875,99575.875,634127.0625
793,534551.1875,98803.75,633354.9375
794,534551.1875,98010.625,632561.8125
795,534551.1875,97197.6875,631748.875
796,534551.1875,96366.375,630917.5625
797,534551.1875,95517.875,630069.0625
798,534551.1875,94653.5625,629204.75
799,534551.1875,93774.75,628325.9375
800,534551.1875,92882.6875,627433.875
801,534551.1875,91978.6875,626529.875
802,534551.1875,91064.0625,625615.25
803,534551.1875,90140.0625,624691.25
804,534551.1875,89208.0625,623759.25
805,534551.1875,88269.375,622820.5625
806,534551.1875,87325.25,621876.4375
807,534551.1875,86376.9375,620928.125
808,534551.1875,85425.875,619977.0625
809,534551.1875,84473.25,619024.4375
810,534551.1875,83520.375,618071.5625
811,534551.1875,82568.625,617119.8125
812,534551.1875,81619.25,616170.4375
813,534551.1875,80673.5,615224.6875
814,534551.1875,79732.75,614283.9375
815,534551.1875,78798.3125,613349.5
816,534551.1875,77871.4375,612422.625
817,534551.1875,76953.4375,611504.625
818,534551.1875,76045.625,610596.8125
819,534551.1875,75149.3125,609700.5
820,534551.1875,74265.75,608816.9375
821,534551.1875,73396.3125,607947.5
822,534551.1875,72542.1875,607093.375
823,534551.1875,71704.8125,606256
824,534551.1875,70885.4375,605436.625
825,534551.1875,70085.3125,604636.5
826,534551.1875,69305.8125,603857
827,534551.1875,68548.125,603099.3125
828,534551.1875,67813.6875,602364.875
829,534551.1875,67103.75,601654.9375
830,534551.1875,66419.5625,600970.75
831,534551.1875,65762.5,600313.6875
832,534551.1875,65133.8125,599685
833,534551.1875,64534.8125,599086
834,534551.1875,63966.8125,598518
835,534551.1875,63431.125,597982.3125
836,534551.1875,62929.0625,597480.25
837,534551.1875,62461.8125,597013
838,534551.1875,62030.8125,596582
839,534551.1875,61637.3125,596188.5
840,534551.1875,61282.625,595833.8125
841,534551.1875,60968,595519.1875
842,534551.1875,60694.375,595245.5625
843,534551.1875,60461.1875,595012.375
844,534551.1875,60267.3125,594818.5
845,534551.1875,60111.6875,594662.875
846,534551.1875,59993.375,594544.5625
847,534551.1875,59911.3125,594462.5
848,534551.1875,59864.4375,594415.625
849,534551.1875,59851.8125,594403
850,534551.1875,59872.25,594423.4375
851,534551.1875,59924.8125,594476
852,534551.1875,60008.5,594559.6875
853,534551.1875,60122.25,594673.4375
854,534551.1875,60264.9375,594816.125
855,534551.1875,60435.6875,594986.875
856,534551.1875,60633.375,595184.5625
857,534551.1875,60857,595408.1875
858,534551.1875,61105.5,595656.6875
859,534551.1875,61377.8125,595929
860,534551.1875,61673.0625,596224.25
861,534551.1875,61990,596541.1875
862,534551.1875,62327.75,596878.9375
863,534551.1875,62685.25,597236.4375
864,534551.1875,63061.4375,597612.625
865,534551.1875,63455.3125,598006.5
866,534551.1875,63865.8125,598417
867,534551.1875,64291.9375,598843.125
868,534551.1875,64732.625,599283.8125
869,534551.1875,65186.875,599738.0625
870,534551.1875,65653.625,600204.8125
871,534551.1875,66131.8125,600683
872,534551.1875,66620.5,601171.6875
873,534551.1875,67118.625,601669.8125
874,534551.1875,67625.0625,602176.25
875,534551.1875,68138.875,602690.0625
876,534551.1875,68659.0625,603210.25
877,534551.1875,69184.5,603735.6875
878,534551.1875,69714.1875,604265.375
879,534551.1875,70247.125,604798.3125
880,534551.1875,70782.25,605333.4375
881,534551.1875,71318.5625,605869.75
882,534551.1875,71854.9375,606406.125
883,534551.1875,72390.4375,606941.625
884,534551.1875,72924.0625,607475.25
885,534551.1875,73454.6875,608005.875
886,534551.1875,73981.3125,608532.5
887,534551.1875,74502.875,609054.0625
888,534551.1875,75018.4375,609569.625
889,534551.1875,75526.875,610078.0625
890,534551.1875,76027.25,610578.4375
891,534551.1875,76518.375,611069.5625
892,534551.1875,76999.375,611550.5625
893,534551.1875,77469.1875,612020.375
894,534551.1875,77926.6875,612477.875
895,534551.1875,78370.9375,612922.125
896,534551.1875,78800.875,613352.0625
897,534551.1875,79215.4375,613766.625
898,534551.1875,79613.625,614164.8125
899,534551.1875,79994.4375,614545.625
900,534551.1875,80356.8125,614908
901,534551.1875,80699.6875,615250.875
902,534551.1875,81022.375,615573.5625
903,534551.1875,81325.25,615876.4375
904,534551.1875,81609.0625,616160.25
905,534551.1875,81874.5,616425.6875
906,534551.1875,82122.3125,616673.5
907,534551.1875,82353.25,616904.4375
908,534551.1875,82567.875,617119.0625
909,534551.1875,82767.0625,617318.25
910,534551.1875,82951.4375,617502.625
911,534551.1875,83121.75,617672.9375
912,534551.1875,83278.6875,617829.875
913,534551.1875,83423.0625,617974.25
914,534551.1875,83555.4375,618106.625
915,534551.1875,83676.625,618227.8125
916,534551.1875,83787.3125,618338.5
917,534551.1875,83888.1875,618439.375
918,534551.1875,83980,618531.1875
919,534551.1875,84063.5,618614.6875
920,534551.1875,84139.375,618690.5625
921,534551.1875,84208.25,618759.4375
922,534551.1875,84271,618822.1875
923,534551.1875,84328.1875,618879.375
924,534551.1875,84380.625,618931.8125
925,534551.1875,84429.0625,618980.25
926,534551.1875,84474.0625,619025.25
927,534551.1875,84516.4375,619067.625
928,534551.1875,84556.9375,619108.125
929,534551.1875,84596.1875,619147.375
930,534551.1875,84635,619186.1875
931,534551.1875,84674,619225.1875
932,534551.1875,84713.9375,619265.125
933,534551.1875,84755.5,619306.6875
934,534551.1875,84799.5,619350.6875
935,534551.1875,84846.5625,619397.75
936,534551.1875,84897.375,619448.5625
937,534551.1875,84952.75,619503.9375
938,534551.1875,85013.375,619564.5625
939,534551.1875,85079.875,619631.0625
940,534551.1875,85153.0625,619704.25
941,534551.1875,85233.625,619784.8125
942,534551.1875,85322.3125,619873.5
943,534551.1875,85419.75,619970.9375
944,534551.1875,85526.6875,620077.875
945,534551.1875,85643.875,620195.0625
946,534551.1875,85772.0625,620323.25
947,534551.1875,85911.875,620463.0625
948,534551.1875,86064.0625,620615.25
949,534551.1875,86229.3125,620780.5
950,534551.1875,86408.375,620959.5625
951,534551.1875,86602,621153.1875
952,534551.1875,86810.8125,621362
953,534551.1875,87035.5625,621586.75
954,534551.1875,87277,621828.1875
955,534551.1875,87535.875,622087.0625
956,534551.1875,87812.75,622363.9375
957,534551.1875,88108.5,622659.6875
958,534551.1875,88423.75,622974.9375
959,534551.1875,88759.1875,623310.375
960,534551.1875,89115.625,623666.8125
961,534551.1875,89493.75,624044.9375
962,534551.1875,89894,624445.1875
963,534551.1875,90315.8125,624867
964,534551.1875,90758.375,625309.5625
965,534551.1875,91220.875,625772.0625
966,534551.1875,91702.5625,626253.75
967,534551.1875,92202.625,626753.8125
968,534551.1875,92720.1875,627271.375
969,534551.1875,93254.5,627805.6875
970,534551.1875,93804.75,628355.9375
971,534551.1875,94370.0625,628921.25
972,534551.1875,94949.75,629500.9375
973,534551.1875,95542.9375,630094.125
974,534551.1875,96148.8125,630700
975,534551.1875,96766.5625,631317.75
976,534551.1875,97395.375,631946.5625
977,534551.1875,98034.5,632585.6875
978,534551.1875,98683.125,633234.3125
979,534551.1875,99340.375,633891.5625
980,534551.1875,100005.4375,634556.625
981,534551.1875,100677.625,635228.8125
982,534551.1875,101356,635907.1875
983,534551.1875,102039.875,636591.0625
984,534551.1875,102728.3125,637279.5
985,534551.1875,103420.625,637971.8125
986,534551.1875,104115.875,638667.0625
987,534551.1875,104813.4375,639364.625
988,534551.1875,105512.3125,640063.5
989,534551.1875,106211.8125,640763
990,534551.1875,106911.125,641462.3125
991,534551.1875,107609.375,642160.5625
992,534551.1875,108305.8125,642857
993,534551.1875,108999.625,643550.8125
994,534551.1875,109690,644241.1875
995,534551.1875,110376.125,644927.3125
996,534551.1875,111057.125,645608.3125
997,534551.1875,111732.375,646283.5625
998,534551.1875,112400.875,646952.0625
999,534551.1875,113061.9375,647613.125
1000,534551.1875,113714.6875,648265.875
1001,534551.1875,114358.375,648909.5625
1002,534551.1875,114992.125,649543.3125
1003,534551.1875,115615.25,650166.4375
1004,534551.1875,116226.8125,650778
1005,534551.1875,116826.0625,651377.25
1006,534551.1875,117412.1875,651963.375
1007,534551.1875,117984.375,652535.5625
1008,534551.1875,118541.8125,653093
1009,534551.1875,119083.6875,653634.875
1010,534551.1875,119609.25,654160.4375
1011,534551.1875,120117.625,654668.8125
1012,534551.1875,120608.0625,655159.25
1013,534551.1875,121079.6875,655630.875
1014,534551.1875,121531.75,656082.9375
1015,534551.1875,121963.4375,656514.625
1016,534551.1875,122373.9375,656925.125
1017,534551.1875,122762.4375,657313.625
1018,534551.1875,123128.0625,657679.25
1019,534551.1875,123470.125,658021.3125
1020,534551.1875,123787.8125,658339
1021,534551.1875,124080.1875,658631.375
1022,534551.1875,124346.75,658897.9375
1023,534551.1875,124587.8125,659139
1024,534551.1875,124803.8125,659355
1025,534551.1875,124995.1875,659546.375
1026,534551.1875,125162.5,659713.6875
1027,534551.1875,125306.25,659857.4375
1028,534551.1875,125426.9375,659978.125
1029,534551.1875,125524.9375,660076.125
1030,534551.1875,125600.875,660152.0625
1031,534551.1875,125655.1875,660206.375
1032,534551.1875,125688.3125,660239.5
1033,534551.1875,125700.8125,660252
1034,534551.1875,125693.1875,660244.375
1035,534551.1875,125665.875,660217.0625
1036,534551.1875,125619.375,660170.5625
1037,534551.1875,125554.1875,660105.375
1038,534551.1875,125470.75,660021.9375
1039,534551.1875,125369.6875,659920.875
1040,534551.1875,125251.3125,659802.5
1041,534551.1875,125116.3125,659667.5
1042,534551.1875,124965,659516.1875
1043,534551.1875,124797.9375,659349.125
1044,534551.1875,124615.625,659166.8125
1045,534551.1875,124418.5625,658969.75
1046,534551.1875,124207.1875,658758.375
1047,534551.1875,123982.0625,658533.25
1048,534551.1875,123743.625,658294.8125
1049,534551.1875,123492.375,658043.5625
1050,534551.1875,123228.75,657779.9375
1051,534551.1875,122953.3125,657504.5
1052,534551.1875,122666.5625,657217.75
1053,534551.1875,122369,656920.1875
1054,534551.1875,122061,656612.1875
1055,534551.1875,121743.125,656294.3125
1056,534551.1875,121415.9375,655967.125
1057,534551.1875,121079.8125,655631
1058,534551.1875,120735.25,655286.4375
1059,534551.1875,120382.8125,654934
1060,534551.1875,120022.9375,654574.125
1061,534551.1875,119656.1875,654207.375
1062,534551.1875,119282.9375,653834.125
1063,534551.1875,118903.75,653454.9375
1064,534551.1875,118519.0625,653070.25
1065,534551.1875,118129.4375,652680.625
1066,534551.1875,117735.3125,652286.5
1067,534551.1875,117337.1875,651888.375
1068,534551.1875,116935.5625,651486.75
1069,534551.1875,116530.9375,651082.125
1070,534551.1875,116123.75,650674.9375
1071,534551.1875,115714.5625,650265.75
1072,534551.1875,115303.8125,649855
1073,534551.1875,114892,649443.1875
1074,534551.1875,114479.625,649030.8125
1075,534551.1875,114067.1875,648618.375
1076,534551.1875,113655.1875,648206.375
1077,534551.1875,113244.0625,647795.25
1078,534551.1875,112834.3125,647385.5
1079,534551.1875,112426.5,646977.6875
1080,534551.1875,112021,646572.1875
1081,534551.1875,111618.375,646169.5625
1082,534551.1875,111219.0625,645770.25
1083,534551.1875,110823.0625,645374.25
1084,534551.1875,110430.5625,644981.75
1085,534551.1875,110041.4375,644592.625
1086,534551.1875,109655.8125,644207
1087,534551.1875,109273.75,643824.9375
1088,534551.1875,108895.1875,643446.375
1089,534551.1875,108520.1875,643071.375
1090,534551.1875,108148.8125,642700
1091,534551.1875,107781.125,642332.3125
1092,534551.1875,107417.0625,641968.25
1093,534551.1875,107056.6875,641607.875
1094,534551.1875,106700.0625,641251.25
1095,534551.1875,106347.25,640898.4375
1096,534551.1875,105998.1875,640549.375
1097,534551.1875,105653,640204.1875
1098,534551.1875,105311.625,639862.8125
1099,534551.1875,104974.1875,639525.375
1100,534551.1875,104640.6875,639191.875
1101,534551.1875,104311.125,638862.3125
1102,534551.1875,103985.5625,638536.75
1103,534551.1875,103664,638215.1875
1104,534551.1875,103346.5,637897.6875
1105,534551.1875,103033.125,637584.3125
1106,534551.1875,102723.875,637275.0625
1107,534551.1875,102418.75,636969.9375
1108,534551.1875,102117.8125,636669
1109,534551.1875,101821.0625,636372.25
1110,534551.1875,101528.625,636079.8125
1111,534551.1875,101240.4375,635791.625
1112,534551.1875,100956.5625,635507.75
1113,534551.1875,100677,635228.1875
1114,534551.1875,100401.875,634953.0625
1115,534551.1875,100131.125,634682.3125
1116,534551.1875,99864.8125,634416
1117,534551.1875,99603,634154.1875
1118,534551.1875,99345.6875,633896.875
1119,534551.1875,99092.875,633644.0625
1120,534551.1875,98844.6875,633395.875
1121,534551.1875,98601.0625,633152.25
1122,534551.1875,98362.125,632913.3125
1123,534551.1875,98127.8125,632679
1124,534551.1875,97898.1875,632449.375
1125,534551.1875,97673.3125,632224.5
1126,534551.1875,97453.1875,632004.375
1127,534551.1875,97237.875,631789.0625
1128,534551.1875,97027.375,631578.5625
1129,534551.1875,96821.6875,631372.875
1130,534551.1875,96620.9375,631172.125
1131,534551.1875,96425.125,630976.3125
1132,534551.1875,96234.25,630785.4375
1133,534551.1875,96048.375,630599.5625
1134,534551.1875,95867.5,630418.6875
1135,534551.1875,95691.6875,630242.875
1136,534551.1875,95520.9375,630072.125
1137,534551.1875,95355.3125,629906.5
1138,534551.1875,95194.875,629746.0625
1139,534551.1875,95039.5625,629590.75
1140,534551.1875,94889.4375,629440.625
1141,534551.1875,94744.625,629295.8125
1142,534551.1875,94605,629156.1875
1143,534551.1875,94470.3125,629021.5
1144,534551.1875,94340.3125,628891.5
1145,534551.1875,94214.5625,628765.75
1146,534551.1875,94092.8125,628644
1147,534551.1875,93974.75,628525.9375
1148,534551.1875,93860.0625,628411.25
1149,534551.1875,93748.375,628299.5625
1150,534551.1875,93639.375,628190.5625
1151,534551.1875,93532.75,628083.9375
1152,534551.1875,93428.25,627979.4375
1153,534551.1875,93325.5,627876.6875
1154,534551.1875,93224.125,627775.3125
1155,534551.1875,93123.875,627675.0625
1156,534551.1875,93024.375,627575.5625
1157,534551.1875,92925.375,627476.5625
1158,534551.1875,92826.5,627377.6875
1159,534551.1875,92727.5,627278.6875
1160,534551.1875,92627.9375,627179.125
1161,534551.1875,92527.5625,627078.75
1162,534551.1875,92426.0625,626977.25
1163,534551.1875,92323.0625,626874.25
1164,534551.1875,92218.3125,626769.5
1165,534551.1875,92111.4375,626662.625
1166,534551.1875,92002.1875,626553.375
1167,534551.1875,91890.125,626441.3125
1168,534551.1875,91775.0625,626326.25
1169,534551.1875,91656.5625,626207.75
1170,534551.1875,91534.375,626085.5625
1171,534551.1875,91408.125,625959.3125
1172,534551.1875,91277.5625,625828.75
1173,534551.1875,91142.3125,625693.5
1174,534551.1875,91002.0625,625553.25
1175,534551.1875,90856.5,625407.6875
1176,534551.1875,90705.3125,625256.5
1177,534551.1875,90548.125,625099.3125
1178,534551.1875,90384.75,624935.9375
1179,534551.1875,90214.6875,624765.875
1180,534551.1875,90037.75,624588.9375
1181,534551.1875,89853.625,624404.8125
1182,534551.1875,89661.875,624213.0625
1183,534551.1875,89462.25,624013.4375
1184,534551.1875,89254.4375,623805.625
1185,534551.1875,89038.125,623589.3125
1186,534551.1875,88812.9375,623364.125
1187,534551.1875,88578.5625,623129.75
1188,534551.1875,88334.75,622885.9375
1189,534551.1875,88081.125,622632.3125
1190,534551.1875,87817.375,622368.5625
1191,534551.1875,87543.1875,622094.375
1192,534551.1875,87258.1875,621809.375
1193,534551.1875,86962.125,621513.3125
1194,534551.1875,86654.625,621205.8125
1195,534551.1875,86335.4375,620886.625
1196,534551.1875,86004.1875,620555.375
1197,534551.1875,85660.5625,620211.75
1198,534551.1875,85304.25,619855.4375
1199,534551.1875,84934.9375,619486.125
1200,534551.1875,84552.25,619103.4375
1201,534551.1875,84155.9375,618707.125
1202,534551.1875,83745.75,618296.9375
1203,534551.1875,83321.875,617873.0625
1204,534551.1875,82884.6875,617435.875
1205,534551.1875,82434.5,616985.6875
1206,534551.1875,81971.5625,616522.75
1207,534551.1875,81496.25,616047.4375
1208,534551.1875,81008.8125,615560
1209,534551.1875,80509.6875,615060.875
1210,534551.1875,79999.0625,614550.25
1211,534551.1875,79477.375,614028.5625
1212,534551.1875,78944.8125,613496
1213,534551.1875,78401.8125,612953
1214,534551.1875,77848.5625,612399.75
1215,534551.1875,77285.5,611836.6875
1216,534551.1875,76712.9375,611264.125
1217,534551.1875,76131.0625,610682.25
1218,534551.1875,75540.375,610091.5625
1219,534551.1875,74941,609492.1875
1220,534551.1875,74333.4375,608884.625
1221,534551.1875,73717.875,608269.0625
1222,534551.1875,73094.625,607645.8125
1223,534551.1875,72464.125,607015.3125
1224,534551.1875,71826.5625,606377.75
1225,534551.1875,71182.3125,605733.5
1226,534551.1875,70531.75,605082.9375
1227,534551.1875,69875.0625,604426.25
1228,534551.1875,69212.6875,603763.875
1229,534551.1875,68544.8125,603096
1230,534551.1875,67871.875,602423.0625
1231,534551.1875,67194.1875,601745.375
1232,534551.1875,66511.9375,601063.125
1233,534551.1875,65825.5625,600376.75
1234,534551.1875,65135.375,599686.5625
1235,534551.1875,64441.625,598992.8125
1236,534551.1875,63744.6875,598295.875
1237,534551.1875,63044.875,597596.0625
1238,534551.1875,62342.5,596893.6875
1239,534551.1875,61637.8125,596189
1240,534551.1875,60931.1875,595482.375
1241,534551.1875,60223,594774.1875
1242,534551.1875,59513.4375,594064.625
1243,534551.1875,58802.9375,593354.125
1244,534551.1875,58091.75,592642.9375
1245,534551.1875,57380.1875,591931.375
1246,534551.1875,56668.5625,591219.75
1247,534551.1875,55957.25,590508.4375
1248,534551.1875,55246.5625,589797.75
1249,534551.1875,54536.6875,589087.875
1250,534551.1875,53828.125,588379.3125
1251,534551.1875,53121.0625,587672.25
1252,534551.1875,52415.875,586967.0625
1253,534551.1875,51712.875,586264.0625
1254,534551.1875,51012.375,585563.5625
1255,534551.1875,50314.625,584865.8125
1256,534551.1875,49620.0625,584171.25
1257,534551.1875,48928.9375,583480.125
1258,534551.1875,48241.5625,582792.75
1259,534551.1875,47558.25,582109.4375
1260,534551.1875,46879.3125,581430.5
1261,534551.1875,46205.125,580756.3125
1262,534551.1875,45535.875,580087.0625
1263,534551.1875,44871.75,579422.9375
1264,534551.1875,44212.625,578763.8125
1265,534551.1875,43558.625,578109.8125
1266,534551.1875,42909.75,577460.9375
1267,534551.1875,42266,576817.1875
1268,534551.1875,41627.4375,576178.625
1269,534551.1875,40994.125,575545.3125
1270,534551.1875,40365.9375,574917.125
1271,534551.1875,39743,574294.1875
1272,534551.1875,39125.375,573676.5625
1273,534551.1875,38513,573064.1875
1274,534551.1875,37906,572457.1875
1275,534551.1875,37304.25,571855.4375
1276,534551.1875,36707.9375,571259.125
1277,534551.1875,36116.9375,570668.125
1278,534551.1875,35531.375,570082.5625
1279,534551.1875,34951.25,569502.4375
1280,534551.1875,34376.5625,568927.75
1281,534551.1875,33807.375,568358.5625
1282,534551.1875,33243.6875,567794.875
1283,534551.1875,32685.5,567236.6875
1284,534551.1875,32132.875,566684.0625
1285,534551.1875,31585.8125,566137
1286,534551.1875,31044.375,565595.5625
1287,534551.1875,30508.5625,565059.75
1288,534551.1875,29978.375,564529.5625
1289,534551.1875,29453.875,564005.0625
1290,534551.1875,28935,563486.1875
1291,534551.1875,28421.9375,562973.125
1292,534551.1875,27914.5625,562465.75
1293,534551.1875,27412.9375,561964.125
1294,534551.1875,26917.125,561468.3125
1295,534551.1875,26427.125,560978.3125
1296,534551.1875,25942.9375,560494.125
1297,534551.1875,25464.625,560015.8125
1298,534551.1875,24992.1875,559543.375
1299,534551.1875,24525.625,559076.8125
1300,534551.1875,24065.0625,558616.25
1301,534551.1875,23610.4375,558161.625
1302,534551.1875,23161.75,557712.9375
1303,534551.1875,22719.0625,557270.25
1304,534551.1875,22282.4375,556833.625
1305,534551.1875,21851.8125,556403
1306,534551.1875,21427.3125,555978.5
1307,534551.1875,21008.875,555560.0625
1308,534551.1875,20596.5625,555147.75
1309,534551.1875,20190.375,554741.5625
1310,534551.1875,19790.375,554341.5625
1311,534551.1875,19396.625,553947.8125
1312,534551.1875,19009,553560.1875
1313,534551.1875,18627.625,553178.8125
1314,534551.1875,18252.5625,552803.75
1315,534551.1875,17883.75,552434.9375
1316,534551.1875,17521.25,552072.4375
1317,534551.1875,17165.125,551716.3125
1318,534551.1875,16815.3125,551366.5
1319,534551.1875,16471.875,551023.0625
1320,534551.1875,16134.8125,550686
1321,534551.1875,15804.25,550355.4375
1322,534551.1875,15480.0625,550031.25
1323,534551.1875,15162.125,549713.3125
1324,534551.1875,14850.1875,549401.375
1325,534551.1875,14544.0625,549095.25
1326,534551.1875,14243.5625,548794.75
1327,534551.1875,13948.375,548499.5625
1328,534551.1875,13658.375,548209.5625
1329,534551.1875,13373.25,547924.4375
1330,534551.1875,13092.9375,547644.125
1331,534551.1875,12817.0625,547368.25
1332,534551.1875,12545.5,547096.6875
1333,534551.1875,12277.9375,546829.125
1334,534551.1875,12014.3125,546565.5
1335,534551.1875,11754.3125,546305.5
1336,534551.1875,11497.6875,546048.875
1337,534551.1875,11244.3125,545795.5
1338,534551.1875,10993.875,545545.0625
1339,534551.1875,10746.25,545297.4375
1340,534551.1875,10501.1875,545052.375
1341,534551.1875,10258.375,544809.5625
1342,534551.1875,10017.75,544568.9375
1343,534551.1875,9779.0625,544330.25
1344,534551.1875,9542,544093.1875
1345,534551.1875,9306.4375,543857.625
1346,534551.1875,9072.0625,543623.25
1347,534551.1875,8838.8125,543390
1348,534551.1875,8606.3125,543157.5
1349,534551.1875,8374.4375,542925.625
1350,534551.1875,8143,542694.1875
1351,534551.1875,7911.6875,542462.875
1352,534551.1875,7680.3125,542231.5
1353,534551.1875,7448.6875,541999.875
1354,534551.1875,7216.5625,541767.75
1355,534551.1875,6983.75,541534.9375
1356,534551.1875,6750.0625,541301.25
1357,534551.1875,6515.1875,541066.375
1358,534551.1875,6279,540830.1875
1359,534551.1875,6041.25,540592.4375
1360,534551.1875,5801.6875,540352.875
1361,534551.1875,5560.1875,540111.375
1362,534551.1875,5316.375,539867.5625
1363,534551.1875,5070.1875,539621.375
1364,534551.1875,4821.375,539372.5625
1365,534551.1875,4569.6875,539120.875
1366,534551.1875,4314.9375,538866.125
1367,534551.1875,4056.8125,538608
1368,534551.1875,3795.25,538346.4375
1369,534551.1875,3529.9375,538081.125
1370,534551.1875,3260.6875,537811.875
1371,534551.1875,2987.25,537538.4375
1372,534551.1875,2709.4375,537260.625
1373,534551.1875,2427,536978.1875
1374,534551.1875,2139.8125,536691
1375,534551.1875,1847.5625,536398.75
1376,534551.1875,1550.0625,536101.25
1377,534551.1875,1247.0625,535798.25
1378,534551.1875,938.4375,535489.625
1379,534551.1875,623.875,535175.0625
1380,534551.1875,303.25,534854.4375
1381,534551.1875,-23.75,534527.4375
1382,534551.1875,-357.3125,534193.875
1383,534551.1875,-697.5625,533853.625
1384,534551.1875,-1044.875,533506.3125
1385,534551.1875,-1399.3125,533151.875
1386,534551.1875,-1761.25,532789.9375
1387,534551.1875,-2130.75,532420.4375
1388,534551.1875,-2508.125,532043.0625
1389,534551.1875,-2893.5625,531657.625
1390,534551.1875,-3287.25,531263.9375
1391,534551.1875,-3689.4375,530861.75
1392,534551.1875,-4100.375,530450.8125
1393,534551.1875,-4520.25,530030.9375
1394,534551.1875,-4949.25,529601.9375
1395,534551.1875,-5387.625,529163.5625
1396,534551.1875,-5835.5625,528715.625
1397,534551.1875,-6293.3125,528257.875
1398,534551.1875,-6761.0625,527790.125
1399,534551.1875,-7239.0625,527312.125
1400,534551.1875,-7727.5,526823.6875
1401,534551.1875,-8226.5625,526324.625
1402,534551.1875,-8736.5625,525814.625
1403,534551.1875,-9257.625,525293.5625
1404,534551.1875,-9790,524761.1875
1405,534551.1875,-10333.9375,524217.25
1406,534551.1875,-10889.59375,523661.5938
1407,534551.1875,-11457.21875,523093.9688
1408,534551.1875,-12037.03125,522514.1563
1409,534551.1875,-12629.25,521921.9375
1410,534551.1875,-13234.0625,521317.125
1411,534551.1875,-13851.71875,520699.4688
1412,534551.1875,-14482.40625,520068.7813
1413,534551.1875,-15126.375,519424.8125
1414,534551.1875,-15783.8125,518767.375
1415,534551.1875,-16454.9375,518096.25
1416,534551.1875,-17140,517411.1875
1417,534551.1875,-17839.1875,516712
1418,534551.1875,-18552.71875,515998.4688
1419,534551.1875,-19280.8125,515270.375
1420,534551.1875,-20023.6875,514527.5
1421,534551.1875,-20781.5625,513769.625
1422,534551.1875,-21554.625,512996.5625
1423,534551.1875,-22343.15625,512208.0313
1424,534551.1875,-23147.3125,511403.875
1425,534551.1875,-23967.34375,510583.8438
1426,534551.1875,-24803.4375,509747.75
1427,534551.1875,-25655.84375,508895.3438
1428,534551.1875,-26524.75,508026.4375
1429,534551.1875,-27410.40625,507140.7813
1430,534551.1875,-28313,506238.1875
1431,534551.1875,-29232.75,505318.4375
1432,534551.1875,-30169.90625,504381.2813
1433,534551.1875,-31124.625,503426.5625
1434,534551.1875,-32097.15625,502454.0313
1435,534551.1875,-33087.75,501463.4375
1436,534551.1875,-34096.5625,500454.625
1437,534551.1875,-35123.84375,499427.3438
1438,534551.1875,-36169.8125,498381.375
1439,534551.1875,-37234.6875,497316.5
1440,534551.1875,-38318.65625,496232.5313
