X_Value,Y1_Value,Y2_Value,Y3_Value
1,-178.7092421,102425.9382,102247.229
2,-180.54683,102227.8622,102047.3154
3,-182.2776421,102035.2494,101852.9718
4,-183.9039794,101847.8829,101663.9789
5,-185.428143,101665.5459,101480.1178
6,-186.8524336,101488.0217,101301.1693
7,-188.1791522,101315.0934,101126.9142
8,-189.4105997,101146.5442,100957.1336
9,-190.5490772,100982.1574,100791.6083
10,-191.5968854,100821.7162,100630.1193
11,-192.5563253,100665.0037,100472.4474
12,-193.4296979,100511.8032,100318.3735
13,-194.219304,100361.898,100167.6787
14,-194.9274447,100215.0711,100020.1437
15,-195.5564207,100071.1058,99875.54938
16,-196.1085332,99929.78534,99733.67681
17,-196.5860829,99790.89291,99594.30683
18,-196.9913708,99654.21171,99457.22034
19,-197.3266978,99519.52495,99322.19825
20,-197.5943649,99386.61585,99189.02149
21,-197.796673,99255.2676,99057.47093
22,-197.935923,99125.26342,98927.3275
23,-198.0144158,98996.38651,98798.37209
24,-198.0344524,98868.42009,98670.38564
25,-197.9983337,98741.14735,98543.14902
26,-197.9083606,98614.35152,98416.44316
27,-197.766834,98487.8158,98290.04897
28,-197.5760549,98361.32339,98163.74734
29,-197.3383243,98234.65751,98037.31919
30,-197.0559429,98107.60136,97910.54542
31,-196.7312118,97979.93815,97783.20694
32,-196.3664319,97851.45109,97655.08466
33,-195.9639041,97721.9234,97525.9595
34,-195.5259293,97591.13826,97395.61233
35,-195.0548084,97458.8789,97263.82409
36,-194.5528425,97324.92853,97130.37569
37,-194.0223324,97189.07034,96995.04801
38,-193.465579,97051.08756,96857.62198
39,-192.8848832,96910.76338,96717.8785
40,-192.2825461,96767.88102,96575.59847
41,-191.6608685,96622.22369,96430.56282
42,-191.0221513,96473.57459,96282.55244
43,-190.3686955,96321.71692,96131.34822
44,-189.702802,96166.43391,95976.73111
45,-189.0267717,96007.50876,95818.48199
46,-188.3429056,95844.72467,95656.38176
47,-187.6535046,95677.86486,95490.21136
48,-186.9608695,95506.71253,95319.75166
49,-186.2673014,95331.05089,95144.78359
50,-185.5751012,95150.66315,94965.08805
51,-184.8865697,94965.33252,94780.44595
52,-184.2040079,94774.8422,94590.63819
53,-183.5297168,94578.97541,94395.44569
54,-182.8659973,94377.51536,94194.64936
55,-182.2151502,94170.24524,93988.03009
56,-181.5794766,93956.94827,93775.36879
57,-180.9612773,93737.40766,93556.44638
58,-180.3628533,93511.40662,93331.04377
59,-179.7865055,93278.72835,93098.94184
60,-179.2345348,93039.15606,92859.92153
61,-178.7092421,92792.47297,92613.76373
62,-178.2124455,92538.54635,92360.3339
63,-177.7440308,92277.57985,92099.83582
64,-177.3034012,92009.86118,91832.55778
65,-176.8899597,91735.67805,91558.78809
66,-176.5031093,91455.31817,91278.81506
67,-176.1422529,91169.06925,90992.927
68,-175.8067938,90877.21902,90701.41223
69,-175.4961348,90580.05518,90404.55905
70,-175.209679,90277.86545,90102.65577
71,-174.9468295,89970.93754,89795.99071
72,-174.7069892,89659.55916,89484.85217
73,-174.4895612,89344.01804,89169.52848
74,-174.2939486,89024.60187,88850.30792
75,-174.1195543,88701.59838,88527.47883
76,-173.9657814,88375.29527,88201.32949
77,-173.8320328,88045.98027,87872.14824
78,-173.7177118,87713.94108,87540.22337
79,-173.6222212,87379.46543,87205.84321
80,-173.5449641,87042.84101,86869.29605
81,-173.4853435,86704.35555,86530.87021
82,-173.4427625,86364.29676,86190.854
83,-173.416624,86022.95235,85849.53573
84,-173.4063312,85680.61004,85507.20371
85,-173.411287,85337.55754,85164.14625
86,-173.4308945,84994.08256,84820.65167
87,-173.4645567,84650.47282,84477.00826
88,-173.5116766,84307.01603,84133.50435
89,-173.5716573,83963.99991,83790.42825
90,-173.6439017,83621.71216,83448.06826
91,-173.727813,83280.4405,83106.71269
92,-173.8227941,82940.47265,82766.64986
93,-173.9282481,82602.09631,82428.16806
94,-174.043578,82265.59921,82091.55563
95,-174.1681868,81931.26905,81757.10086
96,-174.3014775,81599.39355,81425.09207
97,-174.4428533,81270.26042,81095.81757
98,-174.5917171,80944.15737,80769.56565
99,-174.7474719,80621.37213,80446.62466
100,-174.9095208,80302.1924,80127.28288
101,-175.0772667,79986.90589,79811.82862
102,-175.2501129,79675.80032,79500.55021
103,-175.4274621,79369.16341,79193.73595
104,-175.6087176,79067.28286,78891.67414
105,-175.7932823,78770.44639,78594.65311
106,-175.9805592,78478.94172,78302.96116
107,-176.1699514,78193.05655,78016.8866
108,-176.3608619,77913.07861,77736.71775
109,-176.5526937,77639.29559,77462.7429
110,-176.7448499,77371.99523,77195.25038
111,-176.9367335,77111.46522,76934.52849
112,-177.1277475,76857.99329,76680.86554
113,-177.317295,76611.86715,76434.54986
114,-177.5047789,76373.37451,76195.86973
115,-177.6896023,76142.80309,75965.11349
116,-177.8711683,75920.44059,75742.56942
117,-178.0488798,75706.57474,75528.52586
118,-178.2221399,75501.49324,75323.2711
119,-178.3903517,75305.48381,75127.09346
120,-178.5529181,75118.83416,74940.28124
121,-178.7092421,74941.83201,74763.12277
122,-178.8588409,74774.68212,74595.82328
123,-179.0016873,74617.25749,74438.2558
124,-179.1378683,74469.34815,74290.21028
125,-179.267471,74330.74415,74151.47668
126,-179.3905821,74201.23554,74021.84496
127,-179.5072888,74080.61236,73901.10507
128,-179.6176779,73968.66464,73789.04696
129,-179.7218364,73865.18245,73685.46061
130,-179.8198513,73769.95581,73590.13596
131,-179.9118096,73682.77477,73502.86296
132,-179.9977981,73603.42938,73423.43158
133,-180.0779039,73531.70968,73351.63178
134,-180.1522138,73467.40572,73287.25351
135,-180.2208149,73410.30753,73230.08672
136,-180.2837942,73360.20516,73179.92137
137,-180.3412385,73316.88866,73136.54742
138,-180.3932349,73280.14807,73099.75484
139,-180.4398703,73249.77343,73069.33356
140,-180.4812316,73225.55478,73045.07355
141,-180.5174058,73207.28218,73026.76477
142,-180.5484799,73194.74566,73014.19718
143,-180.5745408,73187.73526,73007.16072
144,-180.5956755,73186.04104,73005.44536
145,-180.611971,73189.45303,73008.84106
146,-180.6235141,73197.76127,73017.13776
147,-180.630392,73210.75582,73030.12543
148,-180.6326914,73228.22672,73047.59403
149,-180.6304994,73249.964,73069.3335
150,-180.6239029,73275.75772,73095.13382
151,-180.612989,73305.39791,73124.78492
152,-180.5978445,73338.67463,73158.07679
153,-180.5785564,73375.37791,73194.79935
154,-180.5552116,73415.29779,73234.74258
155,-180.5278972,73458.22433,73277.69643
156,-180.4967001,73503.94756,73323.45086
157,-180.4617072,73552.25753,73371.79582
158,-180.4230056,73602.94428,73422.52127
159,-180.380682,73655.79786,73475.41718
160,-180.3348236,73710.60831,73530.27349
161,-180.2855173,73767.16567,73586.88015
162,-180.23285,73825.25999,73645.02714
163,-180.1769087,73884.68131,73704.5044
164,-180.1177804,73945.21967,73765.10189
165,-180.0555519,74006.66513,73826.60958
166,-179.9903103,74068.80771,73888.8174
167,-179.9221426,74131.43747,73951.51533
168,-179.8511356,74194.34445,74014.49331
169,-179.7773764,74257.31869,74077.54131
170,-179.7009519,74320.15024,74140.44929
171,-179.621949,74382.62914,74203.00719
172,-179.5404547,74444.54543,74265.00498
173,-179.456556,74505.68916,74326.2326
174,-179.3703399,74565.85037,74386.48003
175,-179.2818932,74624.81911,74445.53722
176,-179.191303,74682.38542,74503.19412
177,-179.0986562,74738.33934,74559.24068
178,-179.0040397,74792.47091,74613.46687
179,-178.9075406,74844.57018,74665.66264
180,-178.8092457,74894.4272,74715.61795
181,-178.7092421,74941.83201,74763.12277
182,-178.6076437,74986.61901,74808.01137
183,-178.5046727,75028.80011,74850.29544
184,-178.4005781,75068.43156,74890.03098
185,-178.2956092,75105.56962,74927.27401
186,-178.190015,75140.27055,74962.08054
187,-178.0840446,75172.59062,74994.50658
188,-177.9779473,75202.58609,75024.60814
189,-177.8719722,75230.3132,75052.44123
190,-177.7663684,75255.82824,75078.06187
191,-177.661385,75279.18745,75101.52607
192,-177.5572712,75300.4471,75122.88983
193,-177.4542761,75319.66344,75142.20916
194,-177.3526489,75336.89274,75159.54009
195,-177.2526387,75352.19127,75174.93863
196,-177.1544946,75365.61527,75188.46078
197,-177.0584658,75377.22101,75200.16254
198,-176.9648014,75387.06475,75210.09995
199,-176.8737506,75395.20275,75218.329
200,-176.7855624,75401.69127,75224.90571
201,-176.7004861,75406.58658,75229.88609
202,-176.6187707,75409.94493,75233.32616
203,-176.5406655,75411.82258,75235.28191
204,-176.4664194,75412.2758,75235.80938
205,-176.3962818,75411.36084,75234.96456
206,-176.3305017,75409.13397,75232.80347
207,-176.2693283,75405.65144,75229.38211
208,-176.2130106,75400.96952,75224.75651
209,-176.1617979,75395.14447,75218.98267
210,-176.1159393,75388.23254,75212.1166
211,-176.0756838,75380.29,75204.21432
212,-176.0412807,75371.37311,75195.33183
213,-176.0129792,75361.53814,75185.52516
214,-175.9910282,75350.84133,75174.8503
215,-175.975677,75339.33895,75163.36327
216,-175.9671747,75327.08726,75151.12009
217,-175.9657705,75314.14252,75138.17675
218,-175.9717134,75300.561,75124.58929
219,-175.9852527,75286.39895,75110.4137
220,-176.0066374,75271.71264,75095.706
221,-176.0361167,75256.55831,75080.52219
222,-176.0739398,75240.99225,75064.91831
223,-176.1203557,75225.0707,75048.95034
224,-176.1756137,75208.84992,75032.67431
225,-176.2399628,75192.38618,75016.14622
226,-176.3136522,75175.73574,74999.42209
227,-176.396931,75158.95486,74982.55793
228,-176.4900484,75142.09979,74965.60974
229,-176.5932535,75125.22681,74948.63356
230,-176.7067954,75108.39216,74931.68536
231,-176.8309233,75091.65212,74914.8212
232,-176.9658864,75075.06293,74898.09704
233,-177.1119337,75058.68087,74881.56894
234,-177.2693144,75042.56219,74865.29288
235,-177.4382776,75026.76315,74849.32487
236,-177.6190726,75011.34001,74833.72094
237,-177.8119483,74996.34904,74818.53709
238,-178.017154,74981.84649,74803.82934
239,-178.2349387,74967.88863,74789.65369
240,-178.4655518,74954.53172,74776.06617
241,-178.7092421,74941.83201,74763.12277
242,-178.9660369,74929.83387,74750.86783
243,-179.2350747,74918.53412,74739.29905
244,-179.5152719,74907.91766,74728.40239
245,-179.8055451,74897.96941,74718.16386
246,-180.1048108,74888.67428,74708.56947
247,-180.4119854,74880.01719,74699.6052
248,-180.7259855,74871.98305,74691.25706
249,-181.0457275,74864.55678,74683.51105
250,-181.3701279,74857.72328,74676.35315
251,-181.6981031,74851.46747,74669.76937
252,-182.0285698,74845.77427,74663.7457
253,-182.3604444,74840.62859,74658.26815
254,-182.6926433,74836.01535,74653.32271
255,-183.024083,74831.91945,74648.89537
256,-183.3536801,74828.32581,74644.97213
257,-183.680351,74825.21935,74641.539
258,-184.0030122,74822.58498,74638.58197
259,-184.3205803,74820.40761,74636.08703
260,-184.6319716,74818.67216,74634.04019
261,-184.9361027,74817.36354,74632.42744
262,-185.23189,74816.46666,74631.23477
263,-185.5182501,74815.96645,74630.4482
264,-185.7940994,74815.8478,74630.0537
265,-186.0583545,74816.09565,74630.0373
266,-186.3099318,74816.69489,74630.38496
267,-186.5477478,74817.63045,74631.0827
268,-186.7707189,74818.88724,74632.11652
269,-186.9777618,74820.45017,74633.47241
270,-187.1677928,74822.30416,74635.13637
271,-187.3397285,74824.43411,74637.09438
272,-187.4924853,74826.82495,74639.33246
273,-187.6249797,74829.46159,74641.83661
274,-187.7361283,74832.32894,74644.59281
275,-187.8248475,74835.41192,74647.58707
276,-187.8900537,74838.69544,74650.80539
277,-187.9306636,74842.16441,74654.23375
278,-187.9455935,74845.80375,74657.85816
279,-187.9337599,74849.59837,74661.66461
280,-187.8940794,74853.53318,74665.6391
281,-187.8254685,74857.59311,74669.76764
282,-187.7268435,74861.76306,74674.03622
283,-187.5971211,74866.02794,74678.43082
284,-187.4352176,74870.37268,74682.93746
285,-187.2400497,74874.78218,74687.54213
286,-187.0105337,74879.24136,74692.23083
287,-186.7455862,74883.73514,74696.98955
288,-186.4441236,74888.24842,74701.8043
289,-186.1050624,74892.76612,74706.66106
290,-185.7273192,74897.27315,74711.54583
291,-185.3098104,74901.75444,74716.44463
292,-184.8514525,74906.19488,74721.34343
293,-184.351162,74910.57941,74726.22825
294,-183.8078553,74914.89292,74731.08506
295,-183.220449,74919.12034,74735.89989
296,-182.5878596,74923.24657,74740.65871
297,-181.9090034,74927.25654,74745.34754
298,-181.1827972,74931.13515,74749.95235
299,-180.4081572,74934.86733,74754.45917
300,-179.584,74938.43797,74758.85397
301,-178.7092421,74941.83201,74763.12277
302,-177.7836614,74945.03754,74767.25388
303,-176.8104814,74948.05545,74771.24497
304,-175.793787,74950.88984,74775.09605
305,-174.7376631,74953.54478,74778.80712
306,-173.6461946,74956.02435,74782.37816
307,-172.5234664,74958.33265,74785.80918
308,-171.3735635,74960.47374,74789.10018
309,-170.2005707,74962.45173,74792.25116
310,-169.0085729,74964.27069,74795.26212
311,-167.8016552,74965.9347,74798.13304
312,-166.5839023,74967.44786,74800.86396
313,-165.3593992,74968.81423,74803.45483
314,-164.1322308,74970.03791,74805.90568
315,-162.906482,74971.12299,74808.21651
316,-161.6862378,74972.07353,74810.38729
317,-160.4755829,74972.89364,74812.41806
318,-159.2786024,74973.58738,74814.30878
319,-158.0993812,74974.15886,74816.05948
320,-156.9420041,74974.61214,74817.67014
321,-155.8105561,74974.95131,74819.14075
322,-154.709122,74975.18046,74820.47134
323,-153.6417869,74975.30367,74821.66188
324,-152.6126355,74975.32503,74822.71239
325,-151.6257529,74975.24861,74823.62286
326,-150.6852239,74975.07851,74824.39329
327,-149.7951334,74974.8188,74825.02367
328,-148.9595664,74974.47357,74825.514
329,-148.1826077,74974.0469,74825.86429
330,-147.4683422,74973.54288,74826.07454
331,-146.820855,74972.96559,74826.14474
332,-146.2442308,74972.31911,74826.07488
333,-145.7425546,74971.60753,74825.86498
334,-145.3199114,74970.83494,74825.51503
335,-144.9803859,74970.00541,74825.02502
336,-144.7280632,74969.12303,74824.39497
337,-144.5670281,74968.19188,74823.62485
338,-144.5013655,74967.21605,74822.71468
339,-144.5351604,74966.19961,74821.66445
340,-144.6724976,74965.14667,74820.47417
341,-144.9174622,74964.06129,74819.14383
342,-145.2741389,74962.94756,74817.67342
343,-145.7466127,74961.80957,74816.06296
344,-146.3389685,74960.6514,74814.31243
345,-147.0552912,74959.47713,74812.42184
346,-147.8996658,74958.29085,74810.39118
347,-148.8761771,74957.09664,74808.22046
348,-149.98891,74955.89858,74805.90967
349,-151.2419495,74954.70076,74803.45881
350,-152.6393805,74953.50727,74800.86789
351,-154.1852878,74952.32218,74798.13689
352,-155.8837564,74951.14958,74795.26582
353,-157.7388712,74949.99355,74792.25468
354,-159.7547172,74948.85818,74789.10346
355,-161.9353791,74947.74755,74785.81217
356,-164.284942,74946.66574,74782.3808
357,-166.8074907,74945.61684,74778.80935
358,-169.5071102,74944.60494,74775.09783
359,-172.3878853,74943.6341,74771.24621
360,-175.453901,74942.70843,74767.25453
361,-178.7092421,74941.83201,74763.12277
362,-182.1547702,74941.00802,74758.85325
363,-185.7784525,74940.23611,74754.45766
364,-189.5650329,74939.51502,74749.94999
365,-193.4992554,74938.84352,74745.34426
366,-197.5658637,74938.22035,74740.65449
367,-201.7496017,74937.64426,74735.89466
368,-206.0352134,74937.11401,74731.0788
369,-210.4074426,74936.62834,74726.2209
370,-214.8510331,74936.186,74721.33497
371,-219.3507289,74935.78575,74716.43502
372,-223.8912737,74935.42634,74711.53507
373,-228.4574116,74935.10652,74706.64911
374,-233.0338862,74934.82504,74701.79115
375,-237.6054416,74934.58064,74696.9752
376,-242.1568216,74934.37209,74692.21527
377,-246.6727701,74934.19814,74687.52537
378,-251.1380308,74934.05752,74682.91949
379,-255.5373478,74933.94901,74678.41166
380,-259.8554648,74933.87133,74674.01587
381,-264.0771258,74933.82326,74669.74613
382,-268.1870746,74933.80353,74665.61646
383,-272.1700551,74933.8109,74661.64084
384,-276.0108112,74933.84412,74657.83331
385,-279.6940866,74933.90195,74654.20786
386,-283.2046254,74933.98312,74650.77849
387,-286.5271714,74934.0864,74647.55923
388,-289.6464684,74934.21054,74644.56407
389,-292.5472603,74934.35428,74641.80702
390,-295.214291,74934.51637,74639.30208
391,-297.6323043,74934.69558,74637.06328
392,-299.7860442,74934.89064,74635.1046
393,-301.6602545,74935.10031,74633.44006
394,-303.239679,74935.32335,74632.08367
395,-304.5090617,74935.55849,74631.04943
396,-305.4531464,74935.8045,74630.35135
397,-306.056677,74936.06012,74630.00344
398,-306.3043974,74936.32411,74630.01971
399,-306.1810513,74936.59521,74630.41416
400,-305.6713828,74936.87218,74631.2008
401,-304.7601356,74937.15377,74632.39363
402,-303.4320537,74937.43873,74634.00668
403,-301.6718809,74937.72581,74636.05393
404,-299.4643611,74938.01376,74638.5494
405,-296.7942382,74938.30133,74641.50709
406,-293.6462559,74938.58728,74644.94102
407,-290.0051583,74938.87035,74648.86519
408,-285.8556891,74939.14929,74653.2936
409,-281.1825923,74939.42286,74658.24027
410,-275.9706117,74939.68982,74663.71921
411,-270.2044911,74939.94889,74669.7444
412,-263.8689746,74940.19885,74676.32988
413,-256.9488058,74940.43844,74683.48963
414,-249.4287288,74940.66642,74691.23769
415,-241.2934873,74940.88152,74699.58803
416,-232.5278252,74941.08251,74708.55468
417,-223.1164865,74941.26814,74718.15165
418,-213.044215,74941.43715,74728.39294
419,-202.2957545,74941.58829,74739.29254
420,-190.8558489,74941.72033,74750.86448
421,-178.7092421,74941.83201,74763.12277
422,-165.8279043,74941.92243,74776.09453
423,-152.1327103,74941.99216,74789.85945
424,-137.5317617,74942.04211,74804.51035
425,-121.9331595,74942.07317,74820.14001
426,-105.2450052,74942.08628,74836.84127
427,-87.37539992,74942.08234,74854.70694
428,-68.23244505,74942.06226,74873.82981
429,-47.72424184,74942.02696,74894.30272
430,-25.75889159,74941.97734,74916.21845
431,-2.244495574,74941.91432,74939.66982
432,22.91084492,74941.83881,74964.74965
433,49.79902861,74941.75173,74991.55076
434,78.51195421,74941.65398,75020.16593
435,109.1415204,74941.54647,75050.68799
436,141.779626,74941.43013,75083.20976
437,176.5181696,74941.30585,75117.82402
438,213.44905,74941.17456,75154.62361
439,252.6641658,74941.03716,75193.70133
440,294.2554159,74940.89457,75235.14999
441,338.3146988,74940.7477,75279.0624
442,384.9339134,74940.59746,75325.53137
443,434.2049584,74940.44476,75374.64972
444,486.2197323,74940.29051,75426.51024
445,541.0701341,74940.13563,75481.20576
446,598.8480623,74939.98103,75538.82909
447,659.6454158,74939.82763,75599.47305
448,723.5540931,74939.67632,75663.23041
449,790.6659931,74939.52803,75730.19402
450,861.0730144,74939.38367,75800.45668
451,934.8670558,74939.24414,75874.1112
452,1012.140016,74939.11037,75951.25039
453,1092.983794,74938.98326,76031.96705
454,1177.490287,74938.86372,76116.35401
455,1265.751396,74938.75267,76204.50407
456,1357.859019,74938.65102,76296.51004
457,1453.905053,74938.55968,76392.46473
458,1553.981399,74938.47956,76492.46096
459,1658.179955,74938.41158,76596.59154
460,1766.592619,74938.35664,76704.94926
461,1879.31129,74938.31567,76817.62696
462,1996.427867,74938.28956,76934.71743
463,2118.034249,74938.27924,77056.31349
464,2244.222334,74938.28561,77182.50794
465,2375.084021,74938.30959,77313.39361
466,2510.711209,74938.35209,77449.0633
467,2651.195797,74938.41402,77589.60982
468,2796.629682,74938.49629,77735.12597
469,2947.104765,74938.59982,77885.70459
470,3102.712943,74938.72551,78041.43845
471,3263.546116,74938.87428,78202.4204
472,3429.696181,74939.04705,78368.74323
473,3601.255039,74939.24472,78540.49976
474,3778.314587,74939.4682,78717.78279
475,3960.966724,74939.71841,78900.68513
476,4149.303349,74939.99626,79089.29961
477,4343.416361,74940.30266,79283.71902
478,4543.397658,74940.63852,79484.03618
479,4749.339139,74941.00476,79690.3439
480,4961.332703,74941.40228,79902.73498
481,5179.470248,74941.83201,80121.30226
482,5403.808089,74942.30324,80346.11133
483,5634.260198,74942.85888,80577.11908
484,5870.704965,74943.55024,80814.25521
485,6113.020778,74944.4286,81057.44938
486,6361.086025,74945.54526,81306.63129
487,6614.779095,74946.95153,81561.73063
488,6873.978378,74948.69871,81822.67709
489,7138.56226,74950.83809,82089.40035
490,7408.409132,74953.42097,82361.8301
491,7683.397381,74956.49866,82639.89604
492,7963.405396,74960.12244,82923.52784
493,8248.311565,74964.34362,83212.65519
494,8537.994278,74969.2135,83507.20778
495,8832.331923,74974.78338,83807.1153
496,9131.202888,74981.10455,84112.30744
497,9434.485563,74988.22831,84422.71387
498,9742.058335,74996.20597,84738.26431
499,10053.79959,75005.08882,85058.88841
500,10369.58773,75014.92817,85384.5159
501,10689.30112,75025.7753,85715.07642
502,11012.81817,75037.68152,86050.49969
503,11340.01726,75050.69813,86390.71539
504,11670.77678,75064.87642,86735.6532
505,12004.97511,75080.2677,87085.24281
506,12342.49066,75096.92326,87439.41392
507,12683.20179,75114.89441,87798.0962
508,13026.98691,75134.23244,88161.21935
509,13373.72441,75154.98865,88528.71306
510,13723.29266,75177.21434,88900.507
511,14075.57006,75200.96081,89276.53087
512,14430.435,75226.27935,89656.71435
513,14787.76587,75253.22127,90040.98714
514,15147.44105,75281.83787,90429.27892
515,15509.33894,75312.18044,90821.51938
516,15873.33791,75344.30028,91217.63819
517,16239.31637,75378.2487,91617.56507
518,16607.1527,75414.07698,92021.22968
519,16976.72528,75451.83644,92428.56172
520,17347.91252,75491.57836,92839.49088
521,17720.59278,75533.35406,93253.94684
522,18094.64448,75577.21481,93671.85929
523,18469.94598,75623.21194,94093.15792
524,18846.37568,75671.39672,94517.7724
525,19223.81198,75721.82047,94945.63245
526,19602.13325,75774.53448,95376.66773
527,19981.21789,75829.59005,95810.80794
528,20360.94428,75887.03848,96247.98276
529,20741.19082,75946.93107,96688.12189
530,21121.83589,76009.31912,97131.15501
531,21502.75788,76074.25392,97577.0118
532,21883.83518,76141.78678,98025.62196
533,22264.94618,76211.96899,98476.91517
534,22645.96927,76284.85185,98930.82112
535,23026.78283,76360.48667,99387.2695
536,23407.26525,76438.92473,99846.18998
537,23787.29493,76520.21735,100307.5123
538,24166.75025,76604.41581,100771.1661
539,24545.5096,76691.57142,101237.081
540,24923.45137,76781.73548,101705.1869
541,25300.45394,76874.95928,102175.4132
542,25676.41675,76971.29113,102647.7079
543,26051.32341,77070.76733,103122.0907
544,26425.17857,77173.4212,103598.5998
545,26797.98689,77279.28604,104077.2729
546,27169.753,77388.39518,104558.1482
547,27540.48158,77500.78192,105041.2635
548,27910.17726,77616.47957,105526.6568
549,28278.8447,77735.52145,106014.3662
550,28646.48856,77857.94086,106504.4294
551,29013.11348,77983.77112,106996.8846
552,29378.72412,78113.04554,107491.7697
553,29743.32513,78245.79743,107989.1226
554,30106.92116,78382.06011,108488.9813
555,30469.51687,78521.86688,108991.3838
556,30831.1169,78665.25105,109496.368
557,31191.72591,78812.24594,110003.9719
558,31551.34855,78962.88486,110514.2334
559,31909.98947,79117.20112,111027.1906
560,32267.65333,79275.22804,111542.8814
561,32624.34478,79436.99891,112061.3437
562,32980.06846,79602.54707,112582.6155
563,33334.82904,79771.90581,113106.7349
564,33688.63116,79945.10844,113633.7396
565,34041.47948,80122.18829,114163.6678
566,34393.37865,80303.17866,114696.5573
567,34744.33331,80488.11286,115232.4462
568,35094.34813,80677.02421,115771.3723
569,35443.42776,80869.94602,116313.3738
570,35791.57684,81066.91159,116858.4884
571,36138.80003,81267.95424,117406.7543
572,36485.10198,81473.10728,117958.2093
573,36830.48735,81682.40403,118512.8914
574,37174.96078,81895.87779,119070.8386
575,37518.52693,82113.56187,119632.0888
576,37861.19046,82335.4896,120196.6801
577,38202.956,82561.69427,120764.6503
578,38543.82822,82792.2092,121336.0374
579,38883.81176,83027.06771,121910.8795
580,39222.91129,83266.3031,122489.2144
581,39561.13144,83509.94868,123071.0801
582,39898.47688,83758.03777,123656.5147
583,40234.95226,84010.60368,124245.5559
584,40570.56222,84267.67972,124838.2419
585,40905.31143,84529.2992,125434.6106
586,41239.20453,84795.49544,126034.7
587,41572.24617,85066.30174,126638.5479
588,41904.44101,85341.75142,127246.1924
589,42235.79369,85621.87778,127857.6715
590,42566.30888,85906.71415,128473.023
591,42895.99122,86196.29382,129092.285
592,43224.84537,86490.65012,129715.4955
593,43552.87598,86789.81635,130342.6923
594,43880.08769,87093.82583,130973.9135
595,44206.48517,87402.71187,131609.197
596,44532.07306,87716.50778,132248.5808
597,44856.85602,88035.24686,132892.1029
598,45180.8387,88358.96244,133539.8011
599,45504.02575,88687.68782,134191.7136
600,45826.42182,89021.45632,134847.8781
601,46148.03157,89360.30125,135508.3328
602,46468.85216,89704.18809,136173.0403
603,46788.85083,90052.81104,136841.6619
604,47107.98731,90405.79646,137513.7838
605,47426.22137,90762.77073,138188.9921
606,47743.51273,91123.36022,138866.873
607,48059.82116,91487.19129,139547.0125
608,48375.1064,91853.89031,140228.9967
609,48689.32819,92223.08366,140912.4119
610,49002.44627,92594.39769,141596.844
611,49314.42041,92967.45879,142281.8792
612,49625.21033,93341.89331,142967.1036
613,49934.7758,93717.32764,143652.1034
614,50243.07655,94093.38813,144336.4647
615,50550.07234,94469.70116,145019.7735
616,50855.7229,94845.89309,145701.616
617,51159.98799,95221.5903,146381.5783
618,51462.82735,95596.41915,147059.2465
619,51764.20073,95970.00602,147734.2068
620,52064.06787,96341.97727,148406.0451
621,52362.38853,96711.95926,149074.3478
622,52659.12244,97079.57838,149738.7008
623,52954.22936,97444.46099,150398.6904
624,53247.66903,97806.23345,151053.9025
625,53539.4012,98164.52215,151703.9234
626,53829.38561,98518.95344,152348.3391
627,54117.58201,98869.15369,152986.7357
628,54403.95015,99214.74928,153618.6994
629,54688.44977,99555.36657,154243.8163
630,54971.04062,99890.63194,154861.6726
631,55251.68245,100220.1717,155471.8542
632,55530.335,100543.6124,156073.9474
633,55806.95802,100860.5802,156667.5382
634,56081.51126,101170.7015,157252.2128
635,56353.95446,101473.6028,157827.5573
636,56624.24736,101768.9103,158393.1577
637,56892.34973,102056.2505,158948.6002
638,57158.2213,102335.2498,159493.4711
639,57421.82181,102605.5344,160027.3562
640,57683.11102,102866.7308,160549.8418
641,57942.04867,103118.4653,161060.514
642,58198.59451,103360.3643,161558.9588
643,58452.70829,103592.0542,162044.7625
644,58704.34975,103813.1613,162517.5111
645,58953.47863,104023.3121,162976.7907
646,59200.05469,104222.1328,163422.1875
647,59444.03767,104409.2499,163853.2876
648,59685.38731,104584.2897,164269.677
649,59924.06337,104746.8785,164670.9419
650,60160.02559,104896.6428,165056.6684
651,60393.23372,105033.209,165426.4427
652,60623.6475,105156.2033,165779.8508
653,60851.22668,105265.2522,166116.4789
654,61075.93101,105359.9821,166435.9131
655,61297.72023,105440.0192,166737.7394
656,61516.55409,105504.99,167021.5441
657,61732.39233,105554.5208,167286.9131
658,61945.19471,105588.2381,167533.4328
659,62154.92097,105605.7681,167760.6891
660,62361.53085,105606.7372,167968.2681
661,62564.9841,105590.7719,168155.756
662,62765.24476,105557.6631,168322.9079
663,62962.29399,105507.8605,168470.1545
664,63156.11725,105441.9785,168598.0958
665,63346.70001,105360.6312,168707.3312
666,63534.0277,105264.4332,168798.4609
667,63718.0858,105153.9986,168872.0844
668,63898.85976,105029.9417,168928.8015
669,64076.33504,104892.877,168969.212
670,64250.49708,104743.4187,168993.9158
671,64421.33136,104582.1812,169003.5126
672,64588.82332,104409.7787,168998.602
673,64752.95842,104226.8256,168979.784
674,64913.72212,104033.9362,168947.6583
675,65071.09988,103831.7248,168902.8247
676,65225.07714,103620.8057,168845.8828
677,65375.63938,103401.7933,168777.4327
678,65522.77205,103175.3018,168698.0739
679,65666.46059,102941.9457,168608.4063
680,65806.69048,102702.3391,168509.0296
681,65943.44716,102457.0965,168400.5437
682,66076.71609,102206.832,168283.5481
683,66206.48273,101952.1602,168158.6429
684,66332.73254,101693.6952,168026.4277
685,66455.45097,101432.0514,167887.5024
686,66574.62348,101167.8431,167742.4666
687,66690.23552,100901.6846,167591.9201
688,66802.27256,100634.1903,167436.4629
689,66910.72005,100365.9745,167276.6946
690,67015.56344,100097.6514,167113.2148
691,67116.7882,99829.83539,166946.6236
692,67214.37977,99563.14081,166777.5206
693,67308.32362,99298.18197,166606.5056
694,67398.60521,99035.57318,166434.1784
695,67485.20998,98775.92875,166261.1387
696,67568.1234,98519.86301,166087.9864
697,67647.33092,98267.99027,165915.3212
698,67722.818,98020.92485,165743.7429
699,67794.5701,97779.28106,165573.8512
700,67862.57267,97543.67323,165406.2459
701,67926.81117,97314.71568,165241.5269
702,67987.27106,97093.02271,165080.2938
703,68043.93779,96879.20866,164923.1465
704,68096.79682,96673.88782,164770.6846
705,68145.83361,96477.67454,164623.5082
706,68191.03361,96291.18311,164482.2167
707,68232.38228,96115.02786,164347.4101
708,68269.86508,95949.82311,164219.6882
709,68303.46745,95796.18318,164099.6506
710,68333.17487,95654.72237,163987.8972
711,68358.97279,95526.05502,163885.0278
712,68380.84666,95410.79543,163791.6421
713,68398.78194,95309.55793,163708.3399
714,68412.76409,95222.95683,163635.7209
715,68422.77856,95151.60645,163574.385
716,68428.81081,95096.12111,163524.9319
717,68430.84629,95057.11513,163487.9614
718,68428.87047,95035.20282,163464.0733
719,68422.8688,95030.9985,163453.8673
720,68412.82674,95045.11649,163457.9432
721,68398.72974,95078.1711,163476.9008
722,68380.57068,95130.55878,163511.1295
723,68358.37208,95201.80442,163560.1765
724,68332.16388,95291.21503,163623.3789
725,68301.97603,95398.09764,163700.0737
726,68267.83847,95521.75926,163789.5977
727,68229.78114,95661.5069,163891.288
728,68187.83399,95816.64759,164004.4816
729,68142.02695,95986.48834,164128.5153
730,68092.38998,96170.33616,164262.7261
731,68038.953,96367.49807,164406.4511
732,67981.74597,96577.2811,164559.0271
733,67920.79882,96798.99224,164719.7911
734,67856.1415,97031.93853,164888.08
735,67787.80396,97275.42697,165063.2309
736,67715.81612,97528.76459,165244.5807
737,67640.20795,97791.2584,165431.4664
738,67561.00937,98062.21541,165623.2248
739,67478.25032,98340.94265,165819.193
740,67391.96077,98626.74713,166018.7079
741,67302.17063,98918.93586,166221.1065
742,67208.90987,99216.81587,166425.7257
743,67112.20841,99519.69416,166631.9026
744,67012.09621,99826.87776,166838.974
745,66908.6032,100137.6737,167046.2769
746,66801.75932,100451.3889,167253.1482
747,66691.59453,100767.3305,167458.925
748,66578.13875,101084.8055,167662.9443
749,66461.42194,101403.1209,167864.5428
750,66341.47404,101721.5837,168063.0577
751,66218.32498,102039.5008,168257.8258
752,66092.00471,102356.1795,168448.1842
753,65962.54318,102670.9265,168633.4697
754,65829.97032,102983.0491,168813.0194
755,65694.31608,103291.8541,168986.1702
756,65555.6104,103596.6487,169152.2591
757,65413.88322,103896.7397,169310.6229
758,65269.16449,104191.4343,169460.5988
759,65121.48414,104480.0394,169601.5235
760,64970.87212,104761.8621,169732.7342
761,64817.35838,105036.2094,169853.5678
762,64660.97285,105302.3883,169963.3612
763,64501.74547,105559.7058,170061.4513
764,64339.70619,105807.4689,170147.1751
765,64174.88496,106044.9847,170219.8697
766,64007.3117,106271.5601,170278.8718
767,63837.01638,106486.5023,170323.5187
768,63664.02892,106689.1181,170353.147
769,63488.37927,106878.7146,170367.0939
770,63310.09737,107054.5989,170364.6963
771,63129.21317,107216.0779,170345.2911
772,62945.75661,107362.4587,170308.2153
773,62759.75762,107493.0483,170252.8059
774,62571.24616,107607.1536,170178.3998
775,62380.25216,107704.0818,170084.334
776,62186.80557,107783.1398,169969.9454
777,61990.93633,107843.6346,169834.5709
778,61792.67438,107884.8733,169677.5477
779,61592.04966,107906.1629,169498.2126
780,61389.09212,107906.8104,169295.9025
781,61183.83169,107886.1228,169069.9545
782,60976.29198,107843.6091,168819.9011
783,60766.47114,107779.5862,168546.0573
784,60554.361,107694.573,168248.934
785,60339.95338,107589.0884,167929.0418
786,60123.24009,107463.6513,167586.8914
787,59904.21296,107318.7806,167222.9936
788,59682.8638,107154.9951,166837.8589
789,59459.18443,106972.8138,166431.9982
790,59233.16667,106772.7556,166005.9223
791,59004.80234,106555.3392,165560.1415
792,58774.08325,106321.0837,165095.167
793,58541.00123,106070.508,164611.5092
794,58305.54809,105804.1308,164109.6789
795,58067.71566,105522.4711,163590.1868
796,57827.49575,105226.0478,163053.5436
797,57584.88018,104915.3798,162500.26
798,57339.86076,104590.9859,161930.8467
799,57092.42932,104253.3851,161345.8144
800,56842.57768,103903.0962,160745.6739
801,56590.29765,103540.6382,160130.9359
802,56335.58106,103166.5299,159502.111
803,56078.41972,102781.2902,158859.7099
804,55818.80544,102385.438,158204.2434
805,55556.73006,101979.4922,157536.2223
806,55292.18538,101563.9716,156856.157
807,55025.16323,101139.3953,156164.5585
808,54755.65542,100706.282,155461.9374
809,54483.65378,100265.1507,154748.8045
810,54209.15012,99816.52015,154025.6703
811,53932.13626,99360.90938,153293.0456
812,53652.60401,98898.83723,152551.4412
813,53370.54521,98430.82259,151801.3678
814,53085.95166,97957.38434,151043.336
815,52798.81518,97479.04139,150277.8566
816,52509.1276,96996.31262,149505.4402
817,52216.88073,96509.71691,148726.5976
818,51922.06639,96019.77316,147941.8396
819,51624.6764,95527.00027,147151.6767
820,51324.70258,95031.91711,146356.6197
821,51022.13674,94535.04257,145557.1793
822,50716.97071,94036.89556,144753.8663
823,50409.1963,93537.99495,143947.1913
824,50098.80534,93038.85964,143137.665
825,49785.78963,92540.00852,142325.7982
826,49470.14101,92041.96047,141512.1015
827,49151.85128,91545.23439,140697.0857
828,48830.91227,91050.34917,139881.2614
829,48507.31579,90557.82369,139065.1395
830,48181.05367,90068.17685,138249.2305
831,47852.11772,89581.92753,137434.0453
832,47520.49976,89099.59463,136620.0944
833,47186.19161,88621.69704,135807.8887
834,46849.18509,88148.75364,134997.9387
835,46509.47202,87681.28332,134190.7553
836,46167.04421,87219.80498,133386.8492
837,45821.89348,86764.8375,132586.731
838,45474.01166,86316.89978,131790.9114
839,45123.39056,85876.5107,130999.9013
840,44770.022,85444.18915,130214.2112
841,44413.89779,85020.45403,129434.3518
842,44055.0198,84605.72131,128660.7411
843,43693.43001,84199.99534,127893.4254
844,43329.18044,83803.17757,127132.358
845,42962.32311,83415.16943,126377.4925
846,42592.91006,83035.87236,125628.7824
847,42220.99329,82665.18781,124886.1811
848,41846.62484,82303.01721,124149.6421
849,41469.85672,81949.262,123419.1187
850,41090.74096,81603.82362,122694.5646
851,40709.32958,81266.60352,121975.9331
852,40325.67461,80937.50313,121263.1777
853,39939.82807,80616.4239,120556.252
854,39551.84197,80303.26725,119855.1092
855,39161.76834,79997.93464,119159.703
856,38769.65921,79700.32751,118469.9867
857,38375.5666,79410.34728,117785.9139
858,37979.54253,79127.89541,117107.4379
859,37581.63902,78852.87334,116434.5124
860,37181.9081,78585.18249,115767.0906
861,36780.40179,78324.72432,115105.1261
862,36377.1721,78071.40026,114448.5724
863,35972.27107,77825.11176,113797.3828
864,35565.75072,77585.76025,113151.511
865,35157.66307,77353.24717,112510.9102
866,34748.06014,77127.47397,111875.5341
867,34336.99395,76908.34208,111245.336
868,33924.51653,76695.75294,110620.2695
869,33510.6799,76489.60799,110000.2879
870,33095.53609,76289.80868,109385.3448
871,32679.13711,76096.25645,108775.3936
872,32261.53499,75908.85272,108170.3877
873,31842.78175,75727.49895,107570.2807
874,31422.92941,75552.09657,106975.026
875,31002.03,75382.54703,106384.577
876,30580.13554,75218.75176,105798.8873
877,30157.29805,75060.6122,105217.9103
878,29733.56955,74908.0298,104641.5994
879,29309.00207,74760.90599,104069.9081
880,28883.64764,74619.14221,103502.7899
881,28457.55826,74482.63991,102940.1982
882,28030.78597,74351.30052,102382.0865
883,27603.38279,74225.02548,101828.4083
884,27175.40074,74103.71624,101279.117
885,26746.89184,73987.27423,100734.1661
886,26317.90812,73875.60089,100193.509
887,25888.5016,73768.59767,99657.09927
888,25458.7243,73666.166,99124.8903
889,25028.62824,73568.20733,98596.83557
890,24598.26546,73474.62309,98072.88855
891,24167.68796,73385.31472,97553.00268
892,23736.94777,73300.18366,97037.13143
893,23306.09692,73219.13136,96525.22828
894,22875.18743,73142.05926,96017.24669
895,22444.27131,73068.86878,95513.14009
896,22013.4006,72999.46139,95012.86199
897,21582.62732,72933.7385,94516.36582
898,21152.00349,72871.60157,94023.60506
899,20721.58112,72812.95203,93534.53315
900,20291.41225,72757.69133,93049.10358
901,19861.5489,72705.7209,92567.2698
902,19432.05802,72656.94772,92089.00574
903,19003.06628,72611.30097,91614.36725
904,18574.71529,72568.71535,91143.43064
905,18147.14666,72529.12555,90676.27221
906,17720.50198,72492.4663,90212.96828
907,17294.92287,72458.6723,89753.59517
908,16870.55092,72427.67825,89298.22917
909,16447.52774,72399.41886,88846.9466
910,16025.99494,72373.82883,88399.82377
911,15606.09412,72350.84288,87956.937
912,15187.96689,72330.3957,87518.36259
913,14771.75485,72312.42202,87084.17687
914,14357.5996,72296.85652,86654.45612
915,13945.64275,72283.63393,86229.27668
916,13536.02591,72272.68894,85808.71485
917,13128.89067,72263.95626,85392.84693
918,12724.37865,72257.3706,84981.74925
919,12322.63145,72252.86667,84575.49812
920,11923.79067,72250.37917,84174.16984
921,11527.99791,72249.84281,83777.84072
922,11135.39479,72251.19229,83386.58708
923,10746.1229,72254.36232,83000.48522
924,10360.32386,72259.28762,82619.61148
925,9978.139256,72265.90287,82244.04213
926,9599.710706,72274.1428,81873.85351
927,9225.17981,72283.94211,81509.12192
928,8854.688174,72295.2355,81149.92367
929,8488.377401,72307.95768,80796.33508
930,8126.389097,72322.04336,80448.43246
931,7768.864866,72337.42725,80106.29212
932,7415.946313,72354.04404,79769.99035
933,7067.775042,72371.82845,79439.60349
934,6724.492658,72390.71519,79115.20785
935,6386.240766,72410.63896,78796.87973
936,6053.160969,72431.53446,78484.69543
937,5725.394874,72453.33641,78178.73128
938,5403.084083,72475.97951,77879.06359
939,5086.370203,72499.39846,77585.76866
940,4775.394837,72523.52798,77298.92282
941,4470.29959,72548.30276,77018.60235
942,4171.226067,72573.65753,76744.8836
943,3878.315872,72599.52698,76477.84285
944,3591.710611,72625.84581,76217.55642
945,3311.551886,72652.54875,75964.10064
946,3037.981304,72679.57048,75717.55178
947,2771.140469,72706.84573,75477.9862
948,2511.170985,72734.30919,75245.48018
949,2258.214457,72761.89557,75020.11003
950,2012.412489,72789.53958,74801.95207
951,1773.906686,72817.17593,74591.08262
952,1542.838654,72844.73932,74387.57797
953,1319.349995,72872.16446,74191.51446
954,1103.582316,72899.38605,74002.96837
955,895.6772203,72926.33881,73822.01603
956,695.7763126,72952.95743,73648.73374
957,504.0211977,72979.17663,73483.19783
958,320.5534802,73004.93111,73325.48459
959,145.5147647,73030.15558,73175.67034
960,-20.95334432,73054.78474,73033.8314
961,-178.7092421,73078.7533,72900.04406
962,-327.6661088,73102.00462,72774.33851
963,-467.9562628,73124.51661,72656.56035
964,-599.7668073,73146.27586,72546.50905
965,-723.2848455,73167.26893,72443.98408
966,-838.6974804,73187.4824,72348.78492
967,-946.1918152,73206.90283,72260.71101
968,-1045.954953,73225.5168,72179.56185
969,-1138.173997,73243.31088,72105.13688
970,-1223.036051,73260.27164,72037.23559
971,-1300.728216,73276.38565,71975.65743
972,-1371.437598,73291.63949,71920.20189
973,-1435.351298,73306.01973,71870.66843
974,-1492.65642,73319.51294,71826.85652
975,-1543.540067,73332.10569,71788.56562
976,-1588.189342,73343.78455,71755.59521
977,-1626.791349,73354.53609,71727.74474
978,-1659.53319,73364.34689,71704.8137
979,-1686.601968,73373.20352,71686.60155
980,-1708.184788,73381.09255,71672.90776
981,-1724.468751,73388.00055,71663.5318
982,-1735.640961,73393.91409,71658.27313
983,-1741.888521,73398.81975,71656.93123
984,-1743.398534,73402.70409,71659.30556
985,-1740.358104,73405.55369,71665.19559
986,-1732.954333,73407.35513,71674.4008
987,-1721.374325,73408.09496,71686.72064
988,-1705.805183,73407.75977,71701.95459
989,-1686.43401,73406.33612,71719.90211
990,-1663.447909,73403.81059,71740.36268
991,-1637.033983,73400.16975,71763.13577
992,-1607.379335,73395.40017,71788.02084
993,-1574.671069,73389.48843,71814.81736
994,-1539.096287,73382.42109,71843.3248
995,-1500.842094,73374.18472,71873.34263
996,-1460.095591,73364.7659,71904.67031
997,-1417.043882,73354.1512,71937.10732
998,-1371.87407,73342.32719,71970.45312
999,-1324.773259,73329.28045,72004.50719
1000,-1275.928551,73314.99754,72039.06899
1001,-1225.52705,73299.46504,72073.93799
1002,-1173.755859,73282.66951,72108.91365
1003,-1120.80208,73264.59754,72143.79546
1004,-1066.852817,73245.23568,72178.38286
1005,-1012.095174,73224.57053,72212.47536
1006,-956.7162527,73202.58863,72245.87238
1007,-900.9031569,73179.27658,72278.37342
1008,-844.8429896,73154.62093,72309.77794
1009,-788.7228541,73128.60826,72339.88541
1010,-732.7298534,73101.22515,72368.4953
1011,-677.0510907,73072.45816,72395.40707
1012,-621.8736691,73042.29387,72420.4202
1013,-567.3846917,73010.71884,72443.33415
1014,-513.7712617,72977.71966,72463.9484
1015,-461.2204822,72943.28288,72482.0624
1016,-409.9194564,72907.39509,72497.47563
1017,-360.0552874,72870.04286,72509.98757
1018,-311.8150784,72831.21275,72519.39767
1019,-265.3859324,72790.89133,72525.5054
1020,-220.9549526,72749.06519,72528.11024
1021,-178.7092421,72705.7209,72527.01166
1022,-138.7963646,72660.88262,72522.08626
1023,-101.2057255,72614.72496,72513.51923
1024,-65.88719065,72567.46013,72501.57294
1025,-32.79062594,72519.30033,72486.5097
1026,-1.865897278,72470.45777,72468.59187
1027,26.93712945,72421.14466,72448.08179
1028,53.66858837,72371.5732,72425.24179
1029,78.37861357,72321.9556,72400.33421
1030,101.1173392,72272.50407,72373.62141
1031,121.9348993,72223.43081,72345.36571
1032,140.881428,72174.94803,72315.82946
1033,158.0070595,72127.26794,72285.275
1034,173.3619278,72080.60274,72253.96467
1035,186.9961671,72035.16464,72222.16081
1036,198.9599114,71991.16585,72190.12576
1037,209.3032949,71948.81857,72158.12186
1038,218.0764517,71908.33501,72126.41146
1039,225.3295159,71869.92737,72095.25689
1040,231.1126216,71833.80787,72064.92049
1041,235.475903,71800.1887,72035.6646
1042,238.469494,71769.28209,72007.75158
1043,240.1435289,71741.30022,71981.44375
1044,240.5481418,71716.45531,71957.00345
1045,239.7334667,71694.95957,71934.69304
1046,237.7496378,71677.0252,71914.77484
1047,234.6467892,71662.86441,71897.5112
1048,230.475055,71652.68941,71883.16447
1049,225.2845693,71646.71239,71871.99696
1050,219.1254662,71645.14558,71864.27105
1051,212.0478798,71648.20117,71860.24905
1052,204.1019443,71656.09137,71860.19331
1053,195.3377937,71669.02839,71864.36618
1054,185.8055622,71687.22444,71873.03
1055,175.5553839,71710.89172,71886.4471
1056,164.6373928,71740.24243,71904.87982
1057,153.1017232,71775.48879,71928.59051
1058,140.998509,71816.843,71957.84151
1059,128.3778845,71864.51727,71992.89515
1060,115.2899836,71918.7238,72034.01378
1061,101.7849407,71979.67481,72081.45975
1062,87.91288964,72047.58249,72135.49538
1063,73.72396468,72122.65906,72196.38302
1064,59.26829988,72205.11672,72264.38502
1065,44.59602937,72295.16767,72339.7637
1066,29.75728725,72393.02413,72422.78142
1067,14.80220763,72498.8983,72513.70051
1068,-0.219075377,72613.00239,72612.78331
1069,-15.25642766,72735.5486,72720.29217
1070,-30.2597151,72866.74914,72836.48942
1071,-45.1788036,73006.81622,72961.63742
1072,-59.96355904,73155.96204,73095.99848
1073,-74.56384731,73314.39882,73239.83497
1074,-88.92953431,73482.33875,73393.40922
1075,-103.0104859,73659.99404,73556.98355
1076,-116.756568,73847.57691,73730.82034
1077,-130.1176465,74045.29955,73915.1819
1078,-143.0435873,74253.37417,74110.33058
1079,-155.4842562,74472.01298,74316.52872
1080,-167.3895192,74701.42819,74534.03867
1081,-178.7092421,74941.83201,74763.12277
1082,-189.4038855,75193.33326,75003.92937
1083,-199.4762879,75455.6273,75256.15101
1084,-208.9398829,75728.30611,75519.36623
1085,-217.8081035,76010.96166,75793.15356
1086,-226.0943833,76303.18595,76077.09157
1087,-233.8121554,76604.57093,76370.75877
1088,-240.9748531,76914.70861,76673.73376
1089,-247.5959099,77233.19094,76985.59503
1090,-253.6887589,77559.60992,77305.92116
1091,-259.2668335,77893.55753,77634.2907
1092,-264.343567,78234.62573,77970.28216
1093,-268.9323927,78582.40651,78313.47412
1094,-273.0467439,78936.49186,78663.44512
1095,-276.7000539,79296.47374,79019.77369
1096,-279.905756,79661.94414,79382.03838
1097,-282.6772835,80032.49504,79749.81776
1098,-285.0280698,80407.71842,80122.69035
1099,-286.9715481,80787.20625,80500.2347
1100,-288.5211517,81170.55052,80882.02937
1101,-289.690314,81557.3432,81267.65289
1102,-290.4924682,81947.17627,81656.6838
1103,-290.9410477,82339.64172,82048.70067
1104,-291.0494857,82734.33152,82443.28203
1105,-290.8312156,83130.83765,82840.00643
1106,-290.2996707,83528.75209,83238.45242
1107,-289.4682842,83927.66682,83638.19854
1108,-288.3504896,84327.17382,84038.82333
1109,-286.95972,84726.86506,84439.90534
1110,-285.3094088,85126.33253,84841.02312
1111,-283.4129893,85525.16821,85241.75522
1112,-281.2838949,85922.96407,85641.68018
1113,-278.9355587,86319.3121,86040.37654
1114,-276.3814142,86713.80427,86437.42286
1115,-273.6348945,87106.03257,86832.39768
1116,-270.7094331,87495.58896,87224.87953
1117,-267.6184633,87882.06544,87614.44698
1118,-264.3754183,88265.05398,88000.67856
1119,-260.9937314,88644.14655,88383.15282
1120,-257.486836,89018.93515,88761.44831
1121,-253.8681653,89389.01174,89135.14357
1122,-250.1511527,89753.96831,89503.81716
1123,-246.3492315,90113.39684,89867.04761
1124,-242.475835,90466.8893,90224.41347
1125,-238.5443964,90814.03768,90575.49328
1126,-234.5683491,91154.43395,90919.8656
1127,-230.5611264,91487.67009,91257.10896
1128,-226.5361616,91813.33809,91586.80193
1129,-222.506888,92131.02991,91908.52302
1130,-218.4867389,92440.33755,92221.85081
1131,-214.4891477,92740.85298,92526.36383
1132,-210.5275475,93032.16818,92821.64063
1133,-206.6153718,93313.87512,93107.25975
1134,-202.7660538,93585.56579,93382.79974
1135,-198.9930269,93846.83217,93647.83914
1136,-195.3097243,94097.26623,93901.95651
1137,-191.7295793,94336.45996,94144.73038
1138,-188.2660253,94564.00533,94375.7393
1139,-184.9324956,94779.49433,94594.56183
1140,-181.7424234,94982.51892,94800.7765
1141,-178.7092421,95172.6711,94993.96186
1142,-175.8435463,95349.68741,95173.84386
1143,-173.1445755,95513.88269,95340.73811
1144,-170.6087307,95665.71635,95495.10762
1145,-168.2324127,95805.64779,95637.41538
1146,-166.0120224,95934.13641,95768.12439
1147,-163.9439608,96051.64164,95887.69768
1148,-162.0246286,96158.62287,95996.59824
1149,-160.2504269,96255.53951,96095.28908
1150,-158.6177564,96342.85097,96184.23321
1151,-157.1230181,96421.01666,96263.89364
1152,-155.7626129,96490.49598,96334.73337
1153,-154.5329416,96551.74834,96397.2154
1154,-153.4304051,96605.23315,96451.80274
1155,-152.4514044,96651.40982,96498.95842
1156,-151.5923403,96690.73775,96539.14541
1157,-150.8496136,96723.67635,96572.82674
1158,-150.2196254,96750.68503,96600.4654
1159,-149.6987764,96772.22319,96622.52441
1160,-149.2834676,96788.75025,96639.46678
1161,-148.9700999,96800.7256,96651.7555
1162,-148.755074,96808.60867,96659.8536
1163,-148.634791,96812.85885,96664.22406
1164,-148.6056517,96813.93555,96665.3299
1165,-148.664057,96812.29818,96663.63412
1166,-148.8064078,96808.40614,96659.59973
1167,-149.029105,96802.71885,96653.68975
1168,-149.3285495,96795.69571,96646.36716
1169,-149.701142,96787.79613,96638.09499
1170,-150.1432837,96779.47952,96629.33624
1171,-150.6513752,96771.20527,96620.55389
1172,-151.2218176,96763.43281,96612.21099
1173,-151.8510117,96756.62154,96604.77053
1174,-152.5353583,96751.23086,96598.6955
1175,-153.2712585,96747.72019,96594.44893
1176,-154.055113,96746.54892,96592.49381
1177,-154.8833228,96748.17647,96593.29315
1178,-155.7522887,96753.06225,96597.30996
1179,-156.6584116,96761.66565,96605.00724
1180,-157.5980925,96774.4461,96616.84801
1181,-158.5677321,96791.86299,96633.29526
1182,-159.5637315,96814.37574,96654.81201
1183,-160.5824914,96842.44375,96681.86126
1184,-161.6204128,96876.52642,96714.90601
1185,-162.6738966,96917.08317,96754.40927
1186,-163.7393436,96964.57341,96800.83407
1187,-164.8131548,97019.45653,96854.64338
1188,-165.8917309,97082.19196,96916.30023
1189,-166.971473,97153.23908,96986.26761
1190,-168.0487819,97233.05732,97065.00854
1191,-169.1200585,97322.10608,97152.98602
1192,-170.1817036,97420.84477,97250.66307
1193,-171.2301182,97529.73279,97358.50267
1194,-172.2617031,97649.22955,97476.96785
1195,-173.2728593,97779.79447,97606.52161
1196,-174.2599876,97921.88693,97747.62694
1197,-175.219489,98075.96636,97900.74687
1198,-176.1477642,98242.49217,98066.34441
1199,-177.0412142,98421.92375,98244.88254
1200,-177.8962399,98614.72051,98436.82427
1201,-178.7092421,98821.34187,98642.63263
1202,-179.4773822,99042.09324,98862.61586
1203,-180.2008629,99276.66404,99096.46318
1204,-180.8806473,99524.58973,99343.70908
1205,-181.5176986,99785.40574,99603.88804
1206,-182.1129799,100058.6475,99876.53452
1207,-182.6674544,100343.8505,100161.183
1208,-183.1820852,100640.5501,100457.368
1209,-183.6578354,100948.2818,100764.624
1210,-184.0956682,101266.581,101082.4853
1211,-184.4965468,101594.9832,101410.4867
1212,-184.8614343,101933.0238,101748.1624
1213,-185.1912937,102280.2382,102095.0469
1214,-185.4870884,102636.1619,102450.6748
1215,-185.7497813,103000.3304,102814.5806
1216,-185.9803357,103372.279,103186.2987
1217,-186.1797147,103751.5432,103565.3635
1218,-186.3488814,104137.6584,103951.3095
1219,-186.488799,104530.1602,104343.6714
1220,-186.6004306,104928.5838,104741.9834
1221,-186.6847394,105332.4649,105145.7802
1222,-186.7426885,105741.3387,105554.596
1223,-186.775241,106154.7408,105967.9656
1224,-186.7833601,106572.2065,106385.4231
1225,-186.768009,106993.2715,106806.5035
1226,-186.7301507,107417.4709,107230.7407
1227,-186.6707485,107844.3404,107657.6697
1228,-186.5907654,108273.4153,108086.8245
1229,-186.4911646,108704.2311,108517.7399
1230,-186.3729093,109136.3233,108949.9504
1231,-186.2369625,109569.2272,109382.9902
1232,-186.0842875,110002.4783,109816.394
1233,-185.9158474,110435.6121,110249.6963
1234,-185.7326052,110868.164,110682.4314
1235,-185.5355243,111299.6694,111114.1339
1236,-185.3255676,111729.6637,111544.3381
1237,-185.1036984,112157.6825,111972.5788
1238,-184.8708798,112583.2611,112398.3902
1239,-184.6280749,113005.9351,112821.307
1240,-184.3762469,113425.2397,113240.8635
1241,-184.1163589,113840.7105,113656.5941
1242,-183.8493741,114251.883,114068.0336
1243,-183.5762555,114658.2925,114474.7162
1244,-183.2979664,115059.4745,114876.1765
1245,-183.0154699,115454.9644,115271.9489
1246,-182.7297292,115844.2977,115661.568
1247,-182.4417072,116227.0098,116044.5681
1248,-182.1523674,116602.6362,116420.4838
1249,-181.8626726,116970.7123,116788.8496
1250,-181.5735862,117330.7735,117149.1999
1251,-181.2860712,117682.3552,117501.0691
1252,-181.0010908,118024.993,117843.9919
1253,-180.7196081,118358.2223,118177.5027
1254,-180.4425863,118681.5784,118501.1358
1255,-180.1709886,118994.5969,118814.4259
1256,-179.9057779,119296.8132,119116.9074
1257,-179.6479176,119587.7627,119408.1148
1258,-179.3983707,119866.9808,119687.5824
1259,-179.1581004,120134.003,119954.8449
1260,-178.9280698,120388.3648,120209.4367
1261,-178.7092421,120629.6016,120450.8924
1262,-178.5023777,120857.3743,120678.8719
1263,-178.3074258,121071.846,120893.5386
1264,-178.124133,121273.3054,121095.1813
1265,-177.9522458,121462.0411,121284.0889
1266,-177.7915108,121638.3416,121460.5501
1267,-177.6416745,121802.4956,121624.8539
1268,-177.5024835,121954.7917,121777.2892
1269,-177.3736843,122095.5185,121918.1448
1270,-177.2550234,122224.9647,122047.7097
1271,-177.1462474,122343.4187,122166.2725
1272,-177.0471029,122451.1694,122274.1223
1273,-176.9573363,122548.5052,122371.5479
1274,-176.8766942,122635.7148,122458.8381
1275,-176.8049232,122713.0868,122536.2819
1276,-176.7417698,122780.9098,122604.168
1277,-176.6869805,122839.4724,122662.7854
1278,-176.6403018,122889.0632,122712.4229
1279,-176.6014804,122929.9709,122753.3694
1280,-176.5702628,122962.484,122785.9137
1281,-176.5463954,122986.8913,122810.3449
1282,-176.5296249,123003.4812,122826.9516
1283,-176.5196978,123012.5424,122836.0227
1284,-176.5163606,123014.3635,122837.8471
1285,-176.5193598,123009.2331,122832.7137
1286,-176.5284421,122997.4399,122820.9115
1287,-176.5433539,122979.2725,122802.7291
1288,-176.5638418,122955.0194,122778.4556
1289,-176.5896524,122924.9693,122748.3796
1290,-176.6205321,122889.4108,122712.7903
1291,-176.6562275,122848.6324,122671.9762
1292,-176.6964852,122802.923,122626.2265
1293,-176.7410516,122752.5709,122575.8298
1294,-176.7896734,122697.8649,122521.0752
1295,-176.8420971,122639.0935,122462.2514
1296,-176.8980692,122576.5455,122399.6474
1297,-176.9573363,122510.5093,122333.552
1298,-177.0196449,122441.2736,122264.254
1299,-177.0847415,122369.127,122192.0423
1300,-177.1523727,122294.3582,122117.2058
1301,-177.222285,122217.2557,122040.0334
1302,-177.294225,122138.1081,121960.8139
1303,-177.3679392,122057.2041,121879.8362
1304,-177.4431742,121974.8323,121797.3891
1305,-177.5196764,121891.2813,121713.7616
1306,-177.5971925,121806.8397,121629.2425
1307,-177.675469,121721.7961,121544.1206
1308,-177.7542524,121636.4392,121458.6849
1309,-177.8332892,121551.0575,121373.2242
1310,-177.912326,121465.9396,121288.0273
1311,-177.9911094,121381.3743,121203.3832
1312,-178.0693859,121297.65,121119.5806
1313,-178.146902,121215.0554,121036.9085
1314,-178.2234042,121133.8791,120955.6557
1315,-178.2986392,121054.4098,120876.1112
1316,-178.3723534,120976.936,120798.5636
1317,-178.4442934,120901.7463,120723.302
1318,-178.5142057,120829.1295,120650.6153
1319,-178.5818369,120759.374,120580.7922
1320,-178.6469336,120692.7685,120514.1216
1321,-178.7092421,120629.6016,120450.8924
1322,-178.7685599,120570.0998,120391.3312
1323,-178.8248868,120514.2411,120335.4162
1324,-178.8782737,120461.9414,120283.0631
1325,-178.9287711,120413.1166,120234.1878
1326,-178.9764297,120367.6826,120188.7062
1327,-179.0213004,120325.5553,120146.534
1328,-179.0634336,120286.6506,120107.5872
1329,-179.1028802,120250.8843,120071.7814
1330,-179.1396909,120218.1723,120039.0326
1331,-179.1739162,120188.4306,120009.2567
1332,-179.205607,120161.5751,119982.3695
1333,-179.2348139,120137.5215,119958.2867
1334,-179.2615876,120116.1859,119936.9243
1335,-179.2859787,120097.4841,119918.1981
1336,-179.3080381,120081.3319,119902.0239
1337,-179.3278163,120067.6454,119888.3176
1338,-179.3453641,120056.3404,119876.995
1339,-179.3607321,120047.3327,119867.972
1340,-179.3739711,120040.5383,119861.1643
1341,-179.3851317,120035.873,119856.4879
1342,-179.3942647,120033.2528,119853.8585
1343,-179.4014207,120032.5935,119853.1921
1344,-179.4066504,120033.8111,119854.4044
1345,-179.4100045,120036.8214,119857.4114
1346,-179.4115337,120041.5402,119862.1287
1347,-179.4112887,120047.8836,119868.4723
1348,-179.4093201,120055.7674,119876.3581
1349,-179.4056788,120065.1075,119885.7018
1350,-179.4004153,120075.8197,119896.4193
1351,-179.3935803,120087.82,119908.4264
1352,-179.3852247,120101.0243,119921.6391
1353,-179.3753989,120115.3484,119935.973
1354,-179.3641538,120130.7083,119951.3441
1355,-179.35154,120147.0198,119967.6683
1356,-179.3376082,120164.1988,119984.8612
1357,-179.3224092,120182.1612,120002.8388
1358,-179.3059935,120200.823,120021.517
1359,-179.2884119,120220.0999,120040.8115
1360,-179.2697151,120239.9079,120060.6382
1361,-179.2499538,120260.1629,120080.9129
1362,-179.2291786,120280.7808,120101.5516
1363,-179.2074403,120301.6775,120122.4701
1364,-179.1847896,120322.7688,120143.584
1365,-179.1612771,120343.9706,120164.8093
1366,-179.1369535,120365.1989,120186.0619
1367,-179.1118696,120386.3695,120207.2576
1368,-179.0860759,120407.3983,120228.3122
1369,-179.0596233,120428.2013,120249.1417
1370,-179.0325624,120448.6942,120269.6616
1371,-179.0049438,120468.793,120289.7881
1372,-178.9768184,120488.4137,120309.4369
1373,-178.9482367,120507.4719,120328.5237
1374,-178.9192495,120525.8838,120346.9646
1375,-178.8899074,120543.5651,120364.6752
1376,-178.8602612,120560.4318,120381.5715
1377,-178.8303615,120576.3997,120397.5693
1378,-178.8002591,120591.3847,120412.5844
1379,-178.7700046,120605.3028,120426.5328
1380,-178.7396487,120618.0698,120439.3302
1381,-178.7092421,120629.6016,120450.8924
1382,-178.6788355,120639.8141,120461.1353
1383,-178.6484797,120648.6231,120469.9746
1384,-178.6182251,120655.9447,120477.3265
1385,-178.5881227,120661.6946,120483.1065
1386,-178.558223,120665.7888,120487.2306
1387,-178.5285768,120668.1431,120489.6145
1388,-178.4992348,120668.6735,120490.1743
1389,-178.4702476,120667.2958,120488.8256
1390,-178.4416659,120663.926,120485.4843
1391,-178.4135404,120658.4798,120480.0663
1392,-178.3859219,120650.8733,120472.4874
1393,-178.358861,120641.0223,120462.6634
1394,-178.3324083,120628.8427,120450.5103
1395,-178.3066147,120614.2503,120435.9437
1396,-178.2815307,120597.1611,120418.8796
1397,-178.2572072,120577.491,120399.2338
1398,-178.2336947,120555.1559,120376.9222
1399,-178.2110439,120530.0716,120351.8606
1400,-178.1893056,120502.154,120323.9647
1401,-178.1685304,120471.3191,120293.1506
1402,-178.1487691,120437.4827,120259.3339
1403,-178.1300723,120400.5607,120222.4306
1404,-178.1124908,120360.469,120182.3565
1405,-178.0960751,120317.1235,120139.0274
1406,-178.080876,120270.4401,120092.3592
1407,-178.0669442,120220.3347,120042.2678
1408,-178.0543305,120166.7232,119988.6689
1409,-178.0430853,120109.5214,119931.4783
1410,-178.0332596,120048.6452,119870.6119
1411,-178.0249039,119984.0107,119805.9858
1412,-178.018069,119915.5335,119737.5154
1413,-178.0128055,119843.1297,119665.1169
1414,-178.0091641,119766.7151,119588.7059
1415,-178.0071956,119686.2056,119508.1984
1416,-178.0069506,119601.5171,119423.5101
1417,-178.0084798,119512.5654,119334.5569
1418,-178.0118339,119419.2666,119241.2548
1419,-178.0170636,119321.5365,119143.5194
1420,-178.0242196,119219.2909,119041.2667
1421,-178.0333525,119112.4458,118934.4124
1422,-178.0445132,119000.917,118822.8725
1423,-178.0577521,118884.6204,118706.5626
1424,-178.0731202,118763.472,118585.3989
1425,-178.090668,118637.3876,118459.2969
1426,-178.1104462,118506.2832,118328.1728
1427,-178.1325055,118370.0745,118191.942
1428,-178.1568967,118228.6775,118050.5206
1429,-178.1836704,118082.0081,117903.8244
1430,-178.2128773,117929.9822,117751.7693
1431,-178.244568,117772.5157,117594.2711
1432,-178.2787934,117609.5244,117431.2456
1433,-178.315604,117440.9243,117262.6087
1434,-178.3550506,117266.6312,117088.2761
1435,-178.3971839,117086.561,116908.1638
1436,-178.4420545,116900.6297,116722.1876
1437,-178.4897132,116708.7531,116530.2634
1438,-178.5402106,116510.8471,116332.3069
1439,-178.5935974,116306.8276,116128.234
1440,-178.6499244,116096.6105,115917.9606
