X_Value,Y1_Value,Base,Variation,Y4_Value,Y3_Value,Y2_Value
1,134293.5277,534551.1875,-49177.875,485373.3125,102247.229,400000
2,-16814.90514,534551.1875,-49531.5,485019.6875,102047.3154,400000
3,-16968.45352,534551.1875,-49934.09375,484617.0938,101852.9718,400000
4,-17176.47343,534551.1875,-50384.09375,484167.0938,101663.9789,400000
5,-17437.19499,534551.1875,-50880,483671.1875,101480.1178,400000
6,-17748.90035,534551.1875,-51420.34375,483130.8438,101301.1693,400000
7,-18109.90402,534551.1875,-52003.5625,482547.625,101126.9142,400000
8,-18518.42573,534551.1875,-52628.1875,481923,100957.1336,400000
9,-18972.78003,534551.1875,-53292.6875,481258.5,100791.6083,400000
10,-19471.21779,534551.1875,-53995.53125,480555.6563,100630.1193,400000
11,-20011.9914,534551.1875,-54735.25,479815.9375,100472.4474,400000
12,-20593.41398,534551.1875,-55510.34375,479040.8438,100318.3735,400000
13,-21213.76855,534551.1875,-56319.25,478231.9375,100167.6787,400000
14,-21871.2754,534551.1875,-57160.46875,477390.7188,100020.1437,400000
15,-22564.21727,534551.1875,-58032.53125,476518.6563,99875.54938,400000
16,-23290.9081,534551.1875,-58933.90625,475617.2813,99733.67681,400000
17,-24049.59943,534551.1875,-59863.0625,474688.125,99594.30683,400000
18,-24838.54277,534551.1875,-60818.5,473732.6875,99457.22034,400000
19,-25656.02085,534551.1875,-61798.71875,472752.4688,99322.19825,400000
20,-26500.3164,534551.1875,-62802.21875,471748.9688,99189.02149,400000
21,-27369.71216,534551.1875,-63827.46875,470723.7188,99057.47093,400000
22,-28262.45964,534551.1875,-64872.96875,469678.2188,98927.3275,400000
23,-29176.84158,534551.1875,-65937.1875,468614,98798.37209,400000
24,-30111.10949,534551.1875,-67018.65625,467532.5313,98670.38564,400000
25,-31063.57732,534551.1875,-68115.84375,466435.3438,98543.14902,400000
26,-32032.49659,534551.1875,-69227.21875,465323.9688,98416.44316,400000
27,-33016.11881,534551.1875,-70351.3125,464199.875,98290.04897,400000
28,-34012.75791,534551.1875,-71486.5625,463064.625,98163.74734,400000
29,-35020.63423,534551.1875,-72631.5,461919.6875,98037.31919,400000
30,-36038.06168,534551.1875,-73784.625,460766.5625,97910.54542,400000
31,-37063.323,534551.1875,-74944.375,459606.8125,97783.20694,400000
32,-38094.63849,534551.1875,-76109.28125,458441.9063,97655.08466,400000
33,-39130.3221,534551.1875,-77277.8125,457273.375,97525.9595,400000
34,-40168.62534,534551.1875,-78448.5,456102.6875,97395.61233,400000
35,-41207.86214,534551.1875,-79619.78125,454931.4063,97263.82409,400000
36,-42246.25264,534551.1875,-80790.15625,453761.0313,97130.37569,400000
37,-43282.08001,534551.1875,-81958.125,452593.0625,96995.04801,400000
38,-44313.62681,534551.1875,-83122.21875,451428.9688,96857.62198,400000
39,-45339.20671,534551.1875,-84280.84375,450270.3438,96717.8785,400000
40,-46357.00926,534551.1875,-85432.5625,449118.625,96575.59847,400000
41,-47365.37898,534551.1875,-86575.8125,447975.375,96430.56282,400000
42,-48362.53699,534551.1875,-87709.125,446842.0625,96282.55244,400000
43,-49346.79622,534551.1875,-88830.96875,445720.2188,96131.34822,400000
44,-50316.4094,534551.1875,-89939.8125,444611.375,95976.73111,400000
45,-51269.62662,534551.1875,-91034.1875,443517,95818.48199,400000
46,-52204.76345,534551.1875,-92112.59375,442438.5938,95656.38176,400000
47,-53120.10076,534551.1875,-93173.46875,441377.7188,95490.21136,400000
48,-54013.86097,534551.1875,-94215.3125,440335.875,95319.75166,400000
49,-54884.32444,534551.1875,-95236.65625,439314.5313,95144.78359,400000
50,-55729.8077,534551.1875,-96235.9375,438315.25,94965.08805,400000
51,-56548.52823,534551.1875,-97211.6875,437339.5,94780.44595,400000
52,-57338.80305,534551.1875,-98162.375,436388.8125,94590.63819,400000
53,-58098.88032,534551.1875,-99086.5,435464.6875,94395.44569,400000
54,-58827.0464,534551.1875,-99982.5625,434568.625,94194.64936,400000
55,-59521.58009,534551.1875,-100849,433702.1875,93988.03009,400000
56,-60180.70592,534551.1875,-101684.375,432866.8125,93775.36879,400000
57,-60802.76452,534551.1875,-102487.125,432064.0625,93556.44638,400000
58,-61385.981,534551.1875,-103255.75,431295.4375,93331.04377,400000
59,-61928.63299,534551.1875,-103988.75,430562.4375,93098.94184,400000
60,-62429.00861,534551.1875,-104684.625,429866.5625,92859.92153,400000
61,-62885.38489,534551.1875,-105341.8438,429209.3437,92613.76373,400000
62,-63296.01934,534551.1875,-105959.3125,428591.875,92360.3339,400000
63,-63659.67861,534551.1875,-106537.4688,428013.7187,92099.83582,400000
64,-63977.00943,534551.1875,-107077.1563,427474.0312,91832.55778,400000
65,-64249.13602,534551.1875,-107579.3125,426971.875,91558.78809,400000
66,-64477.2894,534551.1875,-108044.6875,426506.5,91278.81506,400000
67,-64662.50042,534551.1875,-108474.2188,426076.9687,90992.927,400000
68,-64805.99981,534551.1875,-108868.75,425682.4375,90701.41223,400000
69,-64908.91235,534551.1875,-109229.125,425322.0625,90404.55905,400000
70,-64972.37484,534551.1875,-109556.1875,424995,90102.65577,400000
71,-64997.51235,534551.1875,-109850.8438,424700.3437,89795.99071,400000
72,-64985.5238,534551.1875,-110113.9063,424437.2812,89484.85217,400000
73,-64937.50338,534551.1875,-110346.25,424204.9375,89169.52848,400000
74,-64854.61845,534551.1875,-110548.7188,424002.4687,88850.30792,400000
75,-64737.9887,534551.1875,-110722.1875,423829,88527.47883,400000
76,-64588.79815,534551.1875,-110867.5,423683.6875,88201.32949,400000
77,-64408.15937,534551.1875,-110985.5313,423565.6562,87872.14824,400000
78,-64197.23709,534551.1875,-111077.1563,423474.0312,87540.22337,400000
79,-63957.19782,534551.1875,-111143.1875,423408,87205.84321,400000
80,-63689.13699,534551.1875,-111184.5,423366.6875,86869.29605,400000
81,-63394.22069,534551.1875,-111201.9375,423349.25,86530.87021,400000
82,-63073.57124,534551.1875,-111196.4063,423354.7812,86190.854,400000
83,-62728.39886,534551.1875,-111168.7188,423382.4687,85849.53573,400000
84,-62359.78895,534551.1875,-111119.75,423431.4375,85507.20371,400000
85,-61968.90587,534551.1875,-111050.375,423500.8125,85164.14625,400000
86,-61556.91484,534551.1875,-110961.4063,423589.7812,84820.65167,400000
87,-61124.90891,534551.1875,-110853.7188,423697.4687,84477.00826,400000
88,-60674.06083,534551.1875,-110728.2188,423822.9687,84133.50435,400000
89,-60205.55943,534551.1875,-110585.6875,423965.5,83790.42825,400000
90,-59720.469,534551.1875,-110427.0313,424124.1562,83448.06826,400000
91,-59219.98612,534551.1875,-110253.125,424298.0625,83106.71269,400000
92,-58705.27337,534551.1875,-110064.75,424486.4375,82766.64986,400000
93,-58177.39778,534551.1875,-109862.8438,424688.3437,82428.16806,400000
94,-57637.58576,534551.1875,-109648.25,424902.9375,82091.55563,400000
95,-57086.96521,534551.1875,-109421.7813,425129.4062,81757.10086,400000
96,-56526.63827,534551.1875,-109184.3438,425366.8437,81425.09207,400000
97,-55957.79681,534551.1875,-108936.75,425614.4375,81095.81757,400000
98,-55381.54159,534551.1875,-108679.9063,425871.2812,80769.56565,400000
99,-54799.06495,534551.1875,-108414.625,426136.5625,80446.62466,400000
100,-54211.46733,534551.1875,-108141.8125,426409.375,80127.28288,400000
101,-53619.94138,534551.1875,-107862.2813,426688.9062,79811.82862,400000
102,-53025.58725,534551.1875,-107576.9375,426974.25,79500.55021,400000
103,-52429.59738,534551.1875,-107286.5938,427264.5937,79193.73595,400000
104,-51833.07289,534551.1875,-106992.125,427559.0625,78891.67414,400000
105,-51237.17491,534551.1875,-106694.375,427856.8125,78594.65311,400000
106,-50643.03417,534551.1875,-106394.25,428156.9375,78302.96116,-400000
107,749092.2926,534551.1875,-106092.5625,428458.625,78016.8866,-400000
108,749679.4209,534551.1875,-105790.1563,428761.0312,77736.71775,-400000
109,750261.3679,534551.1875,-105487.9375,429063.25,77462.7429,-400000
110,750836.9406,534551.1875,-105186.75,429364.4375,77195.25038,-400000
111,751405.008,534551.1875,-104887.4375,429663.75,76934.52849,-400000
112,751964.4392,534551.1875,-104590.875,429960.3125,76680.86554,-400000
113,752514.0723,534551.1875,-104297.875,430253.3125,76434.54986,-400000
114,753052.8076,534551.1875,-104009.3438,430541.8437,76195.86973,-400000
115,753579.4518,534551.1875,-103726.1563,430825.0312,75965.11349,-400000
116,754092.8429,534551.1875,-103449.0938,431102.0937,75742.56942,-400000
117,754591.9124,534551.1875,-103179.0938,431372.0937,75528.52586,-400000
118,755075.436,534551.1875,-102916.9688,431634.2187,75323.2711,-400000
119,755542.3139,534551.1875,-102663.5938,431887.5937,75127.09346,-400000
120,755991.3842,534551.1875,-102419.8125,432131.375,74940.28124,-400000
121,756421.5159,534551.1875,-102186.5,432364.6875,74763.12277,-400000
122,756831.547,534551.1875,-101964.3125,432586.875,74595.82328,-400000
123,757220.6169,534551.1875,-101753.1875,432798,74438.2558,-400000
124,757588.9148,534551.1875,-101552.8125,432998.375,74290.21028,-400000
125,757936.9625,534551.1875,-101362.9375,433188.25,74151.47668,-400000
126,758265.2196,534551.1875,-101183.2813,433367.9062,74021.84496,-400000
127,758574.1768,534551.1875,-101013.5625,433537.625,73901.10507,-400000
128,758864.325,534551.1875,-100853.5313,433697.6562,73789.04696,-400000
129,759136.1236,534551.1875,-100702.9063,433848.2812,73685.46061,-400000
130,759390.0635,534551.1875,-100561.4063,433989.7812,73590.13596,-400000
131,759626.6353,534551.1875,-100428.75,434122.4375,73502.86296,-400000
132,759846.3299,534551.1875,-100304.6563,434246.5312,73423.43158,-400000
133,760049.638,534551.1875,-100188.9063,434362.2812,73351.63178,-400000
134,760236.988,534551.1875,-100081.1563,434470.0312,73287.25351,-400000
135,760408.933,534551.1875,-99981.15625,434570.0313,73230.08672,-400000
136,760565.9325,534551.1875,-99888.65625,434662.5313,73179.92137,-400000
137,760708.4463,534551.1875,-99803.34375,434747.8438,73136.54742,-400000
138,760836.9961,534551.1875,-99724.96875,434826.2188,73099.75484,-400000
139,760952.0416,534551.1875,-99653.28125,434897.9063,73069.33356,-400000
140,761054.0423,534551.1875,-99587.9375,434963.25,73045.07355,-400000
141,761143.5514,534551.1875,-99528.71875,435022.4688,73026.76477,-400000
142,761220.9972,534551.1875,-99475.34375,435075.8438,73014.19718,-400000
143,761286.8706,534551.1875,-99427.53125,435123.6563,73007.16072,-400000
144,761341.6622,534551.1875,-99385,435166.1875,73005.44536,-400000
145,761385.8628,534551.1875,-99347.46875,435203.7188,73008.84106,-400000
146,761419.9632,534551.1875,-99314.6875,435236.5,73017.13776,-400000
147,761444.4229,534551.1875,-99286.375,435264.8125,73030.12543,-400000
148,761459.7327,534551.1875,-99262.25,435288.9375,73047.59403,-400000
149,761466.3834,534551.1875,-99242.03125,435309.1563,73069.3335,-400000
150,761464.8657,534551.1875,-99225.46875,435325.7188,73095.13382,-400000
151,761455.6392,534551.1875,-99212.28125,435338.9063,73124.78492,-400000
152,761439.1945,534551.1875,-99202.1875,435349,73158.07679,-400000
153,761416.0226,534551.1875,-99194.90625,435356.2813,73194.79935,-400000
154,761386.6141,534551.1875,-99190.15625,435361.0313,73234.74258,-400000
155,761351.4599,534551.1875,-99187.6875,435363.5,73277.69643,-400000
156,761311.0194,534551.1875,-99187.21875,435363.9688,73323.45086,-400000
157,761265.7834,534551.1875,-99188.5,435362.6875,73371.79582,-400000
158,761216.2115,534551.1875,-99191.1875,435360,73422.52127,-400000
159,761162.8569,534551.1875,-99195.0625,435356.125,73475.41718,-400000
160,761106.1479,534551.1875,-99199.875,435351.3125,73530.27349,-400000
161,761046.544,534551.1875,-99205.28125,435345.9063,73586.88015,-400000
162,760984.5984,534551.1875,-99211.03125,435340.1563,73645.02714,-400000
163,760920.7708,534551.1875,-99216.875,435334.3125,73704.5044,-400000
164,760855.5205,534551.1875,-99222.53125,435328.6563,73765.10189,-400000
165,760789.3385,534551.1875,-99227.6875,435323.5,73826.60958,-400000
166,760722.7466,534551.1875,-99232.125,435319.0625,73888.8174,-400000
167,760656.1733,534551.1875,-99235.5625,435315.625,73951.51533,-400000
168,760590.1092,534551.1875,-99237.6875,435313.5,74014.49331,-400000
169,760525.0763,534551.1875,-99238.25,435312.9375,74077.54131,-400000
170,760461.5343,534551.1875,-99236.96875,435314.2188,74140.44929,-400000
171,760399.9738,534551.1875,-99233.5625,435317.625,74203.00719,-400000
172,760340.8856,534551.1875,-99227.78125,435323.4063,74265.00498,-400000
173,760284.7293,534551.1875,-99219.3125,435331.875,74326.2326,-400000
174,760232.0268,534551.1875,-99207.9375,435343.25,74386.48003,-400000
175,760183.2065,534551.1875,-99193.34375,435357.8438,74445.53722,-400000
176,760138.7903,534551.1875,-99175.28125,435375.9063,74503.19412,-400000
177,760099.2379,534551.1875,-99153.4375,435397.75,74559.24068,-400000
178,760065.0711,534551.1875,-99127.5625,435423.625,74613.46687,-400000
179,760036.7495,534551.1875,-99097.375,435453.8125,74665.66264,-400000
180,760014.764,534551.1875,-99062.625,435488.5625,74715.61795,-400000
181,759999.574,534551.1875,-99023,435528.1875,74763.12277,-400000
182,759991.7015,534551.1875,-98978.3125,435572.875,74808.01137,-400000
183,759991.4993,534551.1875,-98928.53125,435622.6563,74850.29544,-400000
184,759998.9871,534551.1875,-98873.75,435677.4375,74890.03098,-400000
185,760014.0153,534551.1875,-98813.96875,435737.2188,74927.27401,-400000
186,760036.5279,534551.1875,-98749.28125,435801.9063,74962.08054,-400000
187,760066.3754,534551.1875,-98679.71875,435871.4688,74994.50658,-400000
188,760103.4706,534551.1875,-98605.34375,435945.8438,75024.60814,-400000
189,760147.695,534551.1875,-98526.1875,436025,75052.44123,-400000
190,760198.9616,534551.1875,-98442.34375,436108.8438,75078.06187,-400000
191,760257.1207,534551.1875,-98353.8125,436197.375,75101.52607,-400000
192,760322.1163,534551.1875,-98260.6875,436290.5,75122.88983,-400000
193,760393.799,534551.1875,-98163,436388.1875,75142.20916,-400000
194,760472.0814,534551.1875,-98060.8125,436490.375,75159.54009,-400000
195,760556.8453,534551.1875,-97954.1875,436597,75174.93863,-400000
196,760647.9722,534551.1875,-97843.125,436708.0625,75188.46078,-400000
197,760745.4062,534551.1875,-97727.75,436823.4375,75200.16254,-400000
198,760848.9664,534551.1875,-97608.0625,436943.125,75210.09995,-400000
199,760958.597,534551.1875,-97484.125,437067.0625,75218.329,-400000
200,761074.1795,534551.1875,-97356,437195.1875,75224.90571,-400000
201,761195.5956,534551.1875,-97223.75,437327.4375,75229.88609,-400000
202,761322.7269,534551.1875,-97087.40625,437463.7813,75233.32616,-400000
203,761455.4861,534551.1875,-96947,437604.1875,75235.28191,-400000
204,761593.7862,534551.1875,-96802.625,437748.5625,75235.80938,-400000
205,761737.4775,534551.1875,-96654.34375,437896.8438,75234.96456,-400000
206,761886.4417,534551.1875,-96502.15625,438049.0313,75232.80347,-400000
207,762040.6227,534551.1875,-96346.125,438205.0625,75229.38211,-400000
208,762199.9023,534551.1875,-96186.34375,438364.8438,75224.75651,-400000
209,762364.1308,534551.1875,-96022.84375,438528.3438,75218.98267,-400000
210,762533.2211,534551.1875,-95855.65625,438695.5313,75212.1166,-400000
211,762707.0859,534551.1875,-95684.875,438866.3125,75204.21432,-400000
212,762885.5757,534551.1875,-95510.5,439040.6875,75195.33183,-400000
213,763068.6345,534551.1875,-95332.625,439218.5625,75185.52516,-400000
214,763256.1128,534551.1875,-95151.28125,439399.9063,75174.8503,-400000
215,763447.9234,534551.1875,-94966.5,439584.6875,75163.36327,-400000
216,763643.979,534551.1875,-94778.40625,439772.7813,75151.12009,-400000
217,763844.0989,534551.1875,-94586.96875,439964.2188,75138.17675,-400000
218,764048.2584,534551.1875,-94392.3125,440158.875,75124.58929,-400000
219,764256.2766,534551.1875,-94194.40625,440356.7813,75110.4137,-400000
220,764468.1288,534551.1875,-93993.40625,440557.7813,75095.706,-400000
221,764683.603,534551.1875,-93789.25,440761.9375,75080.52219,-400000
222,764902.7056,534551.1875,-93582.09375,440969.0938,75064.91831,-400000
223,765125.2246,534551.1875,-93371.9375,441179.25,75048.95034,-400000
224,765351.1041,534551.1875,-93158.8125,441392.375,75032.67431,-400000
225,765580.2568,534551.1875,-92942.8125,441608.375,75016.14622,-400000
226,765812.5333,534551.1875,-92723.96875,441827.2188,74999.42209,-400000
227,766047.8463,534551.1875,-92502.34375,442048.8438,74982.55793,-400000
228,766286.0774,534551.1875,-92278,442273.1875,74965.60974,-400000
229,766527.1083,534551.1875,-92050.96875,442500.2188,74948.63356,-400000
230,766770.8518,534551.1875,-91821.28125,442729.9063,74931.68536,-400000
231,767017.2207,534551.1875,-91589.0625,442962.125,74914.8212,-400000
232,767266.0343,534551.1875,-91354.28125,443196.9063,74898.09704,-400000
233,767517.2677,534551.1875,-91117.03125,443434.1563,74881.56894,-400000
234,767770.7713,534551.1875,-90877.375,443673.8125,74865.29288,-400000
235,768026.4269,534551.1875,-90635.34375,443915.8438,74849.32487,-400000
236,768284.1472,534551.1875,-90391,444160.1875,74833.72094,-400000
237,768543.8138,534551.1875,-90144.375,444406.8125,74818.53709,-400000
238,768805.3396,534551.1875,-89895.5625,444655.625,74803.82934,-400000
239,769068.575,534551.1875,-89644.5625,444906.625,74789.65369,-400000
240,769333.464,534551.1875,-89391.46875,445159.7188,74776.06617,-400000
241,769599.857,534551.1875,-89136.3125,445414.875,74763.12277,-400000
242,769867.6669,534551.1875,-88879.09375,445672.0938,74750.86783,-400000
243,770136.8493,534551.1875,-88619.625,445931.5625,74739.29905,-400000
244,770407.5939,534551.1875,-88357.5625,446193.625,74728.40239,-400000
245,770680.2579,534551.1875,-88092.71875,446458.4688,74718.16386,-400000
246,770955.0428,534551.1875,-87824.78125,446726.4063,74708.56947,-400000
247,771232.2746,534551.1875,-87553.4375,446997.75,74699.6052,-400000
248,771512.2794,534551.1875,-87278.5,447272.6875,74691.25706,-400000
249,771795.2586,534551.1875,-86999.625,447551.5625,74683.51105,-400000
250,772081.5695,534551.1875,-86716.59375,447834.5938,74676.35315,-400000
251,772371.4447,534551.1875,-86429.0625,448122.125,74669.76937,-400000
252,772665.2414,534551.1875,-86136.84375,448414.3438,74663.7457,-400000
253,772963.1611,534551.1875,-85839.625,448711.5625,74658.26815,-400000
254,773265.5297,534551.1875,-85537.125,449014.0625,74653.32271,-400000
255,773572.6423,534551.1875,-85229.0625,449322.125,74648.89537,-400000
256,773884.7938,534551.1875,-84915.1875,449636,74644.97213,-400000
257,774202.248,534551.1875,-84595.25,449955.9375,74641.539,-400000
258,774525.2684,534551.1875,-84268.9375,450282.25,74638.58197,-400000
259,774854.1814,534551.1875,-83936,450615.1875,74636.08703,-400000
260,775189.2505,534551.1875,-83596.125,450955.0625,74634.04019,-400000
261,775530.802,534551.1875,-83249.09375,451302.0938,74632.42744,-400000
262,775879.0683,534551.1875,-82894.625,451656.5625,74631.23477,-400000
263,776234.3444,534551.1875,-82532.40625,452018.7813,74630.4482,-400000
264,776596.9565,534551.1875,-82162.21875,452388.9688,74630.0537,-400000
265,776967.137,534551.1875,-81783.75,452767.4375,74630.0373,-400000
266,777345.212,534551.1875,-81396.75,453154.4375,74630.38496,-400000
267,777731.4454,534551.1875,-81000.90625,453550.2813,74631.0827,-400000
268,778126.1632,534551.1875,-80596.03125,453955.1563,74632.11652,-400000
269,778529.5667,534551.1875,-80181.75,454369.4375,74633.47241,-400000
270,778942.0446,534551.1875,-79757.875,454793.3125,74635.13637,-400000
271,779363.7981,534551.1875,-79324.09375,455227.0938,74637.09438,-400000
272,779795.1533,534551.1875,-78880.125,455671.0625,74639.33246,-400000
273,780236.4052,534551.1875,-78425.71875,456125.4688,74641.83661,-400000
274,780687.8175,534551.1875,-77960.59375,456590.5938,74644.59281,-400000
275,781149.6851,534551.1875,-77484.46875,457066.7188,74647.58707,-400000
276,781622.3031,534551.1875,-76997.09375,457554.0938,74650.80539,106075.4575
277,276514.6047,534551.1875,-76498.15625,458053.0313,74654.23375,106075.4575
278,277009.5826,534551.1875,-75987.4375,458563.75,74657.85816,106075.4575
279,277516.1333,534551.1875,-75464.65625,459086.5313,74661.66461,106075.4575
280,278034.5517,534551.1875,-74929.5,459621.6875,74665.6391,106075.4575
281,278565.164,534551.1875,-74381.71875,460169.4688,74669.76764,400000
282,-14443.92239,534551.1875,-73821.03125,460730.1563,74674.03622,400000
283,-13888.0961,534551.1875,-73247.1875,461304,74678.43082,400000
284,-13319.2534,534551.1875,-72659.90625,461891.2813,74682.93746,400000
285,-12737.09943,534551.1875,-72058.90625,462492.2813,74687.54213,400000
286,-12141.33926,534551.1875,-71443.9375,463107.25,74692.23083,378958.5747
287,9480.834398,534551.1875,-70814.6875,463736.5,74696.98955,378958.5747
288,10104.66027,534551.1875,-70170.90625,464380.2813,74701.8043,378958.5747
289,10742.94593,534551.1875,-69512.34375,465038.8438,74706.66106,378958.5747
290,11395.95512,534551.1875,-68838.6875,465712.5,74711.54583,378958.5747
291,12064.01399,534551.1875,-68149.6875,466401.5,74716.44463,-400000
292,790878.1803,534551.1875,-67445.0625,467106.125,74721.34343,-400000
293,791577.1478,534551.1875,-66724.5625,467826.625,74726.22825,-400000
294,792291.9872,534551.1875,-65987.875,468563.3125,74731.08506,-400000
295,793023.0244,534551.1875,-65234.78125,469316.4063,74735.89989,-400000
296,793770.4921,534551.1875,-64464.9375,470086.25,74740.65871,-400000
297,794534.7475,534551.1875,-63678.15625,470873.0313,74745.34754,-400000
298,795315.9921,534551.1875,-62874.09375,471677.0938,74749.95235,-400000
299,796114.583,534551.1875,-62052.5,472498.6875,74754.45917,-400000
300,796930.7841,534551.1875,-61213.125,473338.0625,74758.85397,-400000
301,797764.8591,534551.1875,-60355.6875,474195.5,74763.12277,-400000
302,798617.1028,534551.1875,-59480.03125,475071.1563,74767.25388,-400000
303,799487.6831,534551.1875,-58586.65625,475964.5313,74771.24497,-400000
304,800376.103,534551.1875,-57676.125,476875.0625,74775.09605,-400000
305,801281.8005,534551.1875,-56749.0625,477802.125,74778.80712,-400000
306,802204.1513,534551.1875,-55806.0625,478745.125,74782.37816,-400000
307,803142.5624,534551.1875,-54847.75,479703.4375,74785.80918,-400000
308,804096.4093,534551.1875,-53874.6875,480676.5,74789.10018,-400000
309,805065.1303,534551.1875,-52887.5,481663.6875,74792.25116,-400000
310,806048.1009,534551.1875,-51886.78125,482664.4063,74795.26212,-400000
311,807044.7281,534551.1875,-50873.125,483678.0625,74798.13304,-400000
312,808054.4188,534551.1875,-49847.15625,484704.0313,74800.86396,-400000
313,809076.5486,534551.1875,-48809.46875,485741.7188,74803.45483,-400000
314,810110.5245,534551.1875,-47760.65625,486790.5313,74805.90568,-400000
315,811155.7532,534551.1875,-46701.34375,487849.8438,74808.21651,-400000
316,812211.6106,534551.1875,-45632.09375,488919.0938,74810.38729,-400000
317,813277.5347,534551.1875,-44553.53125,489997.6563,74812.41806,-400000
318,814352.9012,534551.1875,-43466.28125,491084.9063,74814.30878,-400000
319,815437.0857,534551.1875,-42370.90625,492180.2813,74816.05948,-400000
320,816529.5265,534551.1875,-41268,493283.1875,74817.67014,-400000
321,817629.6302,534551.1875,-40158.21875,494392.9688,74819.14075,-400000
322,818736.7415,534551.1875,-39042.125,495509.0625,74820.47134,-400000
323,819850.2985,534551.1875,-37920.3125,496630.875,74821.66188,-400000
324,820969.7079,534551.1875,-36793.4375,497757.75,74822.71239,-400000
325,822094.3144,534551.1875,-35662.03125,498889.1563,74823.62286,-400000
326,823223.5871,534551.1875,-34526.75,500024.4375,74824.39329,-400000
327,824356.8706,534551.1875,-33388.15625,501163.0313,74825.02367,-400000
328,825493.603,534551.1875,-32246.875,502304.3125,74825.514,-400000
329,826633.16,534551.1875,-31103.5,503447.6875,74825.86429,-400000
330,827774.9484,534551.1875,-29958.625,504592.5625,74826.07454,-400000
331,828918.3751,534551.1875,-28812.90625,505738.2813,74826.14474,-400000
332,830062.7846,534551.1875,-27666.875,506884.3125,74826.07488,-400000
333,831207.6463,534551.1875,-26521.15625,508030.0313,74825.86498,-400000
334,832352.3357,534551.1875,-25376.34375,509174.8438,74825.51503,-400000
335,833496.2598,534551.1875,-24233.0625,510318.125,74825.02502,-400000
336,834638.7943,534551.1875,-23091.9375,511459.25,74824.39497,-400000
337,835779.3148,534551.1875,-21953.5,512597.6875,74823.62485,-400000
338,836917.2907,534551.1875,-20818.40625,513732.7813,74822.71468,-400000
339,838052.0664,534551.1875,-19687.21875,514863.9688,74821.66445,-400000
340,839183.08,534551.1875,-18560.5625,515990.625,74820.47417,-400000
341,840309.7071,534551.1875,-17439.0625,517112.125,74819.14383,-400000
342,841431.3235,534551.1875,-16323.28125,518227.9063,74817.67342,-400000
343,842547.3671,534551.1875,-15213.84375,519337.3438,74816.06296,-400000
344,843657.2137,534551.1875,-14111.34375,520439.8438,74814.31243,-400000
345,844760.27,534551.1875,-13016.375,521534.8125,74812.42184,-400000
346,845855.9429,534551.1875,-11929.5625,522621.625,74810.39118,-400000
347,846943.6079,534551.1875,-10851.5,523699.6875,74808.22046,-400000
348,848022.6717,534551.1875,-9782.75,524768.4375,74805.90967,-400000
349,849092.572,534551.1875,-8724,525827.1875,74803.45881,-400000
350,850152.6217,534551.1875,-7675.75,526875.4375,74800.86789,-400000
351,851202.3206,534551.1875,-6638.6875,527912.5,74798.13689,-400000
352,852240.9809,534551.1875,-5613.3125,528937.875,74795.26582,-400000
353,853268.1013,534551.1875,-4600.375,529950.8125,74792.25468,-400000
354,854282.9301,534551.1875,-3600.375,530950.8125,74789.10346,-400000
355,855284.9635,534551.1875,-2613.875,531937.3125,74785.81217,-400000
356,856273.789,534551.1875,-1641.625,532909.5625,74782.3808,-400000
357,857248.4159,534551.1875,-684.0625,533867.125,74778.80935,-400000
358,858208.5124,534551.1875,258.0625,534809.25,74775.09783,-400000
359,859153.3204,534551.1875,1184.3125,535735.5,74771.24621,-400000
360,860082.4174,534551.1875,2093.9375,536645.125,74767.25453,-400000
361,860995.0295,534551.1875,2986.375,537537.5625,74763.12277,-239717.3811
362,701740.1394,534551.1875,3861.25,538412.4375,74758.85325,-239717.3811
363,702618.3387,534551.1875,4718.6875,539269.875,74754.45766,-239717.3811
364,703479.2452,534551.1875,5559.1875,540110.375,74749.94999,-239717.3811
365,704323.3444,534551.1875,6383.125,540934.3125,74745.34426,-239717.3811
366,705150.9967,534551.1875,7190.875,541742.0625,74740.65449,-9588.695243
367,476058.4863,534551.1875,7982.875,542534.0625,74735.89466,-9588.695243
368,476854.3937,534551.1875,8759.5,543310.6875,74731.0788,-9588.695243
369,477634.9986,534551.1875,9521.125,544072.3125,74726.2209,-9588.695243
370,478400.6615,534551.1875,10268.125,544819.3125,74721.33497,-9588.695243
371,479151.743,534551.1875,11001,545552.1875,74716.43502,-383.5478097
372,470693.4217,534551.1875,11720.125,546271.3125,74711.53507,-383.5478097
373,471416.6722,534551.1875,12425.8125,546977,74706.64911,-383.5478097
374,472126.4855,534551.1875,13118.5625,547669.75,74701.79115,-383.5478097
375,472823.3471,534551.1875,13798.6875,548349.875,74696.9752,-383.5478097
376,473507.5553,534551.1875,14466.6875,549017.875,74692.21527,-15.3419124
377,473811.7844,534551.1875,15122.8125,549674,74687.52537,-15.3419124
378,474471.8923,534551.1875,15767.625,550318.8125,74682.91949,-15.3419124
379,475120.6158,534551.1875,16401.4375,550952.625,74678.41166,-15.3419124
380,475758.253,534551.1875,17024.6875,551575.875,74674.01587,-15.3419124
381,476385.2271,534551.1875,17637.75,552188.9375,74669.74613,-0.613676496
382,476987.1861,534551.1875,18241,552792.1875,74665.61646,-0.613676496
383,477593.9157,534551.1875,18834.875,553386.0625,74661.64084,-0.613676496
384,478191.1264,534551.1875,19419.75,553970.9375,74657.83331,-0.613676496
385,478779.1787,534551.1875,19996.0625,554547.25,74654.20786,-0.613676496
386,479358.4958,534551.1875,20564.1875,555115.375,74650.77849,-0.024547071
387,479928.8497,534551.1875,21124.5,555675.6875,74647.55923,-0.024547071
388,480491.778,534551.1875,21677.375,556228.5625,74644.56407,-0.024547071
389,481047.0529,534551.1875,22223.3125,556774.5,74641.80702,-0.024547071
390,481595.1599,534551.1875,22762.6875,557313.875,74639.30208,-0.024547071
391,482136.4594,534551.1875,23295.875,557847.0625,74637.06328,-0.000981899
392,482671.2886,534551.1875,23823.1875,558374.375,74635.1046,-0.000981899
393,483199.9928,534551.1875,24345.1875,558896.375,74633.44006,-0.000981899
394,483723.0963,534551.1875,24862.1875,559413.375,74632.08367,-0.000981899
395,484240.8972,534551.1875,25374.5625,559925.75,74631.04943,-0.000981899
396,484753.7563,534551.1875,25882.75,560433.9375,74630.35135,-3.93E-05
397,485262.0955,534551.1875,26387.125,560938.3125,74630.00344,-3.93E-05
398,485766.2774,534551.1875,26888.125,561439.3125,74630.01971,-3.93E-05
399,486266.7241,534551.1875,27386.125,561937.3125,74630.41416,-3.93E-05
400,486763.7961,534551.1875,27881.5,562432.6875,74631.2008,-3.93E-05
401,487257.8542,534551.1875,28374.6875,562925.875,74632.39363,-1.58E-06
402,487749.3211,534551.1875,28866.125,563417.3125,74634.00668,-1.58E-06
403,488238.6202,534551.1875,29356.125,563907.3125,74636.05393,-1.58E-06
404,488726.0495,534551.1875,29845.125,564396.3125,74638.5494,-1.58E-06
405,489212.0321,534551.1875,30333.5,564884.6875,74641.50709,-1.58E-06
406,489696.9286,534551.1875,30821.6875,565372.875,74644.94102,-6.61E-08
407,490181.162,534551.1875,31310.125,565861.3125,74648.86519,-6.61E-08
408,490665.1553,534551.1875,31799.0625,566350.25,74653.2936,-6.61E-08
409,491149.1443,534551.1875,32289.0625,566840.25,74658.24027,-6.61E-08
410,491633.6769,534551.1875,32780.4375,567331.625,74663.71921,-6.61E-08
411,492119.0512,534551.1875,33273.625,567824.8125,74669.7444,400000
412,93097.07527,534551.1875,33769,568320.1875,74676.32988,400000
413,93585.34457,534551.1875,34267,568818.1875,74683.48963,400000
414,94075.66234,534551.1875,34767.9375,569319.125,74691.23769,400000
415,94568.32676,534551.1875,35272.3125,569823.5,74699.58803,400000
416,95063.82328,534551.1875,35780.4375,570331.625,74708.55468,400000
417,95562.45011,534551.1875,36292.75,570843.9375,74718.15165,400000
418,96064.63026,534551.1875,36809.6875,571360.875,74728.39294,400000
419,96570.78679,534551.1875,37331.625,571882.8125,74739.29254,400000
420,97081.28031,534551.1875,37858.9375,572410.125,74750.86448,400000
421,97596.47142,534551.1875,38392,572943.1875,74763.12277,400000
422,98116.72074,534551.1875,38931.125,573482.3125,74776.09453,400000
423,98642.31334,534551.1875,39476.1875,574027.375,74789.85945,400000
424,99173.04483,534551.1875,40026.6875,574577.875,74804.51035,400000
425,99708.32307,534551.1875,40582.375,575133.5625,74820.14001,400000
426,100247.8056,534551.1875,41142.9375,575694.125,74836.84127,400000
427,100791.0876,534551.1875,41708,576259.1875,74854.70694,400000
428,101337.7017,534551.1875,42277.1875,576828.375,74873.82981,400000
429,101887.1807,534551.1875,42850.25,577401.4375,74894.30272,400000
430,102439.1819,534551.1875,43426.75,577977.9375,74916.21845,400000
431,102993.1758,534551.1875,44006.5,578557.6875,74939.66982,400000
432,103548.8822,534551.1875,44589,579140.1875,74964.74965,400000
433,104105.7091,534551.1875,45174,579725.1875,74991.55076,400000
434,104663.3139,534551.1875,45761.1875,580312.375,75020.16593,400000
435,105221.2919,534551.1875,46350.125,580901.3125,75050.68799,400000
436,105779.1131,534551.1875,46940.5625,581491.75,75083.20976,400000
437,106336.4353,534551.1875,47532.1875,582083.375,75117.82402,400000
438,106892.8535,534551.1875,48124.5625,582675.75,75154.62361,400000
439,107447.838,534551.1875,48717.4375,583268.625,75193.70133,400000
440,108001.0462,534551.1875,49310.375,583861.5625,75235.14999,400000
441,108551.9486,534551.1875,49903.1875,584454.375,75279.0624,400000
442,109100.2651,534551.1875,50495.375,585046.5625,75325.53137,400000
443,109645.4034,534551.1875,51086.75,585637.9375,75374.64972,400000
444,110187.0836,534551.1875,51676.875,586228.0625,75426.51024,400000
445,110724.776,534551.1875,52265.5,586816.6875,75481.20576,400000
446,111258.1378,534551.1875,52852.1875,587403.375,75538.82909,400000
447,111786.6397,534551.1875,53436.625,587987.8125,75599.47305,400000
448,112309.8766,534551.1875,54018.5625,588569.75,75663.23041,400000
449,112827.5065,534551.1875,54597.5625,589148.75,75730.19402,400000
450,113338.9991,534551.1875,55173.375,589724.5625,75800.45668,400000
451,113844.012,534551.1875,55745.5625,590296.75,75874.1112,400000
452,114342.0154,534551.1875,56313.8125,590865,75951.25039,400000
453,114832.6049,534551.1875,56877.875,591429.0625,76031.96705,400000
454,115315.437,534551.1875,57437.375,591988.5625,76116.35401,400000
455,115790.0458,534551.1875,57991.9375,592543.125,76204.50407,400000
456,116255.9637,534551.1875,58541.1875,593092.375,76296.51004,400000
457,116712.7228,534551.1875,59084.9375,593636.125,76392.46473,400000
458,117160.0431,534551.1875,59622.6875,594173.875,76492.46096,400000
459,117597.3325,534551.1875,60154.1875,594705.375,76596.59154,400000
460,118024.2487,534551.1875,60679.125,595230.3125,76704.94926,400000
461,118440.387,534551.1875,61197.0625,595748.25,76817.62696,400000
462,118845.2161,534551.1875,61707.8125,596259,76934.71743,400000
463,119238.4587,534551.1875,62210.875,596762.0625,77056.31349,400000
464,119619.5224,534551.1875,62706,597257.1875,77182.50794,400000
465,119988.0623,534551.1875,63192.875,597744.0625,77313.39361,400000
466,120343.6745,534551.1875,63671.125,598222.3125,77449.0633,400000
467,120685.8927,534551.1875,64140.375,598691.5625,77589.60982,400000
468,121014.2465,534551.1875,64600.375,599151.5625,77735.12597,400000
469,121328.3983,534551.1875,65050.75,599601.9375,77885.70459,400000
470,121627.8761,534551.1875,65491.125,600042.3125,78041.43845,400000
471,121912.2194,534551.1875,65921.25,600472.4375,78202.4204,400000
472,122181.0797,534551.1875,66340.6875,600891.875,78368.74323,400000
473,122433.9277,534551.1875,66749.125,601300.3125,78540.49976,400000
474,122670.3588,534551.1875,67146.3125,601697.5,78717.78279,400000
475,122890.0317,534551.1875,67531.8125,602083,78900.68513,400000
476,123092.4165,534551.1875,67905.375,602456.5625,79089.29961,400000
477,123277.1705,534551.1875,68266.5625,602817.75,79283.71902,400000
478,123443.7652,534551.1875,68615.125,603166.3125,79484.03618,400000
479,123591.8558,534551.1875,68950.6875,603501.875,79690.3439,400000
480,123720.9762,534551.1875,69272.875,603824.0625,79902.73498,400000
481,123830.6583,534551.1875,69581.4375,604132.625,80121.30226,400000
482,123920.5604,534551.1875,69876.0625,604427.25,80346.11133,400000
483,123990.3065,534551.1875,70157.0625,604708.25,80577.11908,400000
484,124040.2424,534551.1875,70424.625,604975.8125,80814.25521,400000
485,124070.6422,534551.1875,70679.0625,605230.25,81057.44938,400000
486,124081.8669,534551.1875,70920.75,605471.9375,81306.63129,400000
487,124074.3974,534551.1875,71150,605701.1875,81561.73063,400000
488,124048.5777,534551.1875,71367,605918.1875,81822.67709,400000
489,124004.6806,534551.1875,71572.1875,606123.375,82089.40035,400000
490,123943.2133,534551.1875,71765.75,606316.9375,82361.8301,400000
491,123864.4325,534551.1875,71948.125,606499.3125,82639.89604,400000
492,123768.8469,534551.1875,72119.5,606670.6875,82923.52784,400000
493,123656.7118,534551.1875,72280.1875,606831.375,83212.65519,400000
494,123528.4131,534551.1875,72430.625,606981.8125,83507.20778,400000
495,123384.4458,534551.1875,72570.9375,607122.125,83807.1153,400000
496,123225.0278,534551.1875,72701.5625,607252.75,84112.30744,400000
497,123050.6525,534551.1875,72822.75,607373.9375,84422.71387,400000
498,122861.6373,534551.1875,72934.75,607485.9375,84738.26431,400000
499,122658.301,534551.1875,73038,607589.1875,85058.88841,400000
500,122441.1611,534551.1875,73132.75,607683.9375,85384.5159,400000
501,122210.5211,534551.1875,73219.25,607770.4375,85715.07642,400000
502,121966.7253,534551.1875,73297.8125,607849,86050.49969,400000
503,121710.1467,534551.1875,73368.8125,607920,86390.71539,400000
504,121441.2239,534551.1875,73432.5,607983.6875,86735.6532,400000
505,121160.2745,534551.1875,73489.25,608040.4375,87085.24281,400000
506,120867.7485,534551.1875,73539.25,608090.4375,87439.41392,400000
507,120563.905,534551.1875,73582.875,608134.0625,87798.0962,400000
508,120249.1837,534551.1875,73620.4375,608171.625,88161.21935,400000
509,119923.9709,534551.1875,73652.25,608203.4375,88528.71306,400000
510,119588.6502,534551.1875,73678.5625,608229.75,88900.507,400000
511,119243.5371,534551.1875,73699.75,608250.9375,89276.53087,400000
512,118889.0801,534551.1875,73716.0625,608267.25,89656.71435,400000
513,118525.5988,534551.1875,73727.8125,608279,90040.98714,400000
514,118153.4731,534551.1875,73735.3125,608286.5,90429.27892,400000
515,117773.0873,534551.1875,73738.875,608290.0625,90821.51938,400000
516,117384.8239,534551.1875,73738.8125,608290,91217.63819,400000
517,116989.0651,534551.1875,73735.4375,608286.625,91617.56507,400000
518,116586.1934,534551.1875,73729,608280.1875,92021.22968,400000
519,116176.5316,534551.1875,73719.8125,608271,92428.56172,400000
520,115760.4562,534551.1875,73708.25,608259.4375,92839.49088,400000
521,115338.4145,534551.1875,73694.5625,608245.75,93253.94684,400000
522,114910.7283,534551.1875,73679.125,608230.3125,93671.85929,400000
523,114477.8348,534551.1875,73662.125,608213.3125,94093.15792,400000
524,114040.0069,534551.1875,73643.9375,608195.125,94517.7724,400000
525,113597.6774,534551.1875,73624.8125,608176,94945.63245,400000
526,113151.1705,534551.1875,73605.1875,608156.375,95376.66773,400000
527,112700.9903,534551.1875,73585.1875,608136.375,95810.80794,400000
528,112247.3337,534551.1875,73565.3125,608116.5,96247.98276,400000
529,111790.7703,534551.1875,73545.6875,608096.875,96688.12189,400000
530,111331.4967,534551.1875,73526.6875,608077.875,97131.15501,400000
531,110869.9509,534551.1875,73508.6875,608059.875,97577.0118,400000
532,110406.5922,534551.1875,73491.875,608043.0625,98025.62196,400000
533,109941.6634,534551.1875,73476.625,608027.8125,98476.91517,400000
534,109475.619,534551.1875,73463.25,608014.4375,98930.82112,400000
535,109008.8353,534551.1875,73452,608003.1875,99387.2695,400000
536,108541.6347,534551.1875,73443.25,607994.4375,99846.18998,400000
537,108074.4619,534551.1875,73437.1875,607988.375,100307.5123,400000
538,107607.5747,534551.1875,73434.25,607985.4375,100771.1661,400000
539,107141.479,534551.1875,73434.6875,607985.875,101237.081,400000
540,106676.4984,534551.1875,73438.8125,607990,101705.1869,400000
541,106213.0097,534551.1875,73446.9375,607998.125,102175.4132,400000
542,105751.4,534551.1875,73459.3125,608010.5,102647.7079,400000
543,105291.9696,534551.1875,73476,608027.1875,103122.0907,400000
544,104834.7612,534551.1875,73497.0625,608048.25,103598.5998,400000
545,104379.7993,534551.1875,73522.5,608073.6875,104077.2729,400000
546,103927.046,534551.1875,73552.4375,608103.625,104558.1482,400000
547,103476.588,534551.1875,73586.9375,608138.125,105041.2635,400000
548,103028.4505,534551.1875,73625.9375,608177.125,105526.6568,400000
549,102582.5317,534551.1875,73669.5,608220.6875,106014.3662,400000
550,102138.8578,534551.1875,73717.75,608268.9375,106504.4294,400000
551,101697.5087,534551.1875,73770.625,608321.8125,106996.8846,400000
552,101258.3979,534551.1875,73828.25,608379.4375,107491.7697,400000
553,100821.6027,534551.1875,73890.625,608441.8125,107989.1226,400000
554,100387.0891,534551.1875,73957.8125,608509,108488.9813,400000
555,99954.87759,534551.1875,74029.8125,608581,108991.3838,400000
556,99524.94311,534551.1875,74106.75,608657.9375,109496.368,400000
557,99097.34895,534551.1875,74188.625,608739.8125,110003.9719,400000
558,98672.0764,534551.1875,74275.4375,608826.625,110514.2334,400000
559,98249.06506,534551.1875,74367.3125,608918.5,111027.1906,400000
560,97828.43096,534551.1875,74464.25,609015.4375,111542.8814,400000
561,97410.1212,534551.1875,74566.25,609117.4375,112061.3437,400000
562,96994.10203,534551.1875,74673.4375,609224.625,112582.6155,400000
563,96580.45918,534551.1875,74785.8125,609337,113106.7349,400000
564,96169.1557,534551.1875,74903.375,609454.5625,113633.7396,400000
565,95760.15647,534551.1875,75026.25,609577.4375,114163.6678,400000
566,95353.53973,534551.1875,75154.4375,609705.625,114696.5573,400000
567,94949.25173,534551.1875,75288,609839.1875,115232.4462,400000
568,94547.35245,534551.1875,75426.9375,609978.125,115771.3723,400000
569,94147.78945,534551.1875,75571.375,610122.5625,116313.3738,400000
570,93750.65053,534551.1875,75721.25,610272.4375,116858.4884,400000
571,93355.83432,534551.1875,75876.6875,610427.875,117406.7543,400000
572,92963.41684,534551.1875,76037.6875,610588.875,117958.2093,400000
573,92573.37722,534551.1875,76204.3125,610755.5,118512.8914,400000
574,92185.73325,534551.1875,76376.625,610927.8125,119070.8386,400000
575,91800.50942,534551.1875,76554.5625,611105.75,119632.0888,400000
576,91417.60613,534551.1875,76738.3125,611289.5,120196.6801,400000
577,91037.17264,534551.1875,76927.875,611479.0625,120764.6503,400000
578,90659.1719,534551.1875,77123.1875,611674.375,121336.0374,400000
579,90283.50477,534551.1875,77324.4375,611875.625,121910.8795,400000
580,89910.28663,534551.1875,77531.625,612082.8125,122489.2144,400000
581,89539.5427,534551.1875,77744.75,612295.9375,123071.0801,400000
582,89171.18661,534551.1875,77963.875,612515.0625,123656.5147,400000
583,88805.27564,534551.1875,78189.0625,612740.25,124245.5559,400000
584,88441.79568,534551.1875,78420.3125,612971.5,124838.2419,400000
585,88080.76447,534551.1875,78657.6875,613208.875,125434.6106,400000
586,87722.13295,534551.1875,78901.25,613452.4375,126034.7,400000
587,87365.99055,534551.1875,79151.0625,613702.25,126638.5479,400000
588,87012.32805,534551.1875,79407.125,613958.3125,127246.1924,400000
589,86661.12281,534551.1875,79669.4375,614220.625,127857.6715,400000
590,86312.3242,534551.1875,79938.1875,614489.375,128473.023,400000
591,85966.11545,534551.1875,80213.25,614764.4375,129092.285,400000
592,85622.25717,534551.1875,80494.8125,615046,129715.4955,400000
593,85280.97214,534551.1875,80782.8125,615334,130342.6923,400000
594,84942.13567,534551.1875,81077.3125,615628.5,130973.9135,400000
595,84605.77215,534551.1875,81378.4375,615929.625,131609.197,400000
596,84271.96863,534551.1875,81686.125,616237.3125,132248.5808,400000
597,83940.62465,534551.1875,82000.4375,616551.625,132892.1029,400000
598,83611.76484,534551.1875,82321.5,616872.6875,133539.8011,400000
599,83285.476,534551.1875,82649.25,617200.4375,134191.7136,400000
600,82961.65794,534551.1875,82983.75,617534.9375,134847.8781,400000
601,82640.33501,534551.1875,83325.125,617876.3125,135508.3328,400000
602,82321.59428,534551.1875,83673.25,618224.4375,136173.0403,400000
603,82005.34807,534551.1875,84027.875,618579.0625,136841.6619,400000
604,81691.68499,534551.1875,84388.625,618939.8125,137513.7838,400000
605,81380.64373,534551.1875,84755.125,619306.3125,138188.9921,400000
606,81072.2633,534551.1875,85126.9375,619678.125,138866.873,400000
607,80766.51995,534551.1875,85503.75,620054.9375,139547.0125,400000
608,80463.51511,534551.1875,85885.125,620436.3125,140228.9967,400000
609,80163.22503,534551.1875,86270.75,620821.9375,140912.4119,400000
610,79865.75484,534551.1875,86660.25,621211.4375,141596.844,400000
611,79571.13549,534551.1875,87053.1875,621604.375,142281.8792,-266666.6667
612,745196.2114,534551.1875,87449.1875,622000.375,142967.1036,-266666.6667
613,744907.2986,534551.1875,87847.9375,622399.125,143652.1034,-266666.6667
614,744621.3573,534551.1875,88249,622800.1875,144336.4647,-266666.6667
615,744338.3639,534551.1875,88652.0625,623203.25,145019.7735,-266666.6667
616,744058.4196,534551.1875,89056.6875,623607.875,145701.616,-400000
617,877006.296,534551.1875,89462.5,624013.6875,146381.5783,-400000
618,876732.4425,534551.1875,89869.125,624420.3125,147059.2465,-400000
619,876461.6922,534551.1875,90276.25,624827.4375,147734.2068,-400000
620,876194.1463,534551.1875,90683.4375,625234.625,148406.0451,-400000
621,875929.7814,534551.1875,91090.3125,625641.5,149074.3478,-400000
622,875668.6362,534551.1875,91496.5,626047.6875,149738.7008,-400000
623,875410.7496,534551.1875,91901.625,626452.8125,150398.6904,-400000
624,875156.1604,534551.1875,92305.3125,626856.5,151053.9025,-400000
625,874904.9075,534551.1875,92707.25,627258.4375,151703.9234,-400000
626,874657.0921,534551.1875,93106.9375,627658.125,152348.3391,-400000
627,874412.6283,534551.1875,93504.0625,628055.25,152986.7357,-400000
628,874171.6172,534551.1875,93898.3125,628449.5,153618.6994,-400000
629,873934.1602,534551.1875,94289.1875,628840.375,154243.8163,-400000
630,873700.1713,534551.1875,94676.375,629227.5625,154861.6726,-400000
631,873469.7516,534551.1875,95059.4375,629610.625,155471.8542,-400000
632,873242.8778,534551.1875,95438.125,629989.3125,156073.9474,-400000
633,873019.7133,534551.1875,95811.9375,630363.125,156667.5382,-400000
634,872800.1723,534551.1875,96180.625,630731.8125,157252.2128,-400000
635,872584.4183,534551.1875,96543.625,631094.8125,157827.5573,-400000
636,872372.3031,534551.1875,96900.75,631451.9375,158393.1577,-400000
637,872164.0527,534551.1875,97251.5,631802.6875,158948.6002,-400000
638,871959.581,534551.1875,97595.5625,632146.75,159493.4711,-400000
639,871758.9894,534551.1875,97932.5,632483.6875,160027.3562,-400000
640,871562.2543,534551.1875,98262,632813.1875,160549.8418,-400000
641,871369.4769,534551.1875,98583.625,633134.8125,161060.514,-400000
642,871180.6338,534551.1875,98897.0625,633448.25,161558.9588,-400000
643,870995.826,534551.1875,99201.875,633753.0625,162044.7625,-400000
644,870815.0301,534551.1875,99497.6875,634048.875,162517.5111,-400000
645,870638.2848,534551.1875,99784.1875,634335.375,162976.7907,-400000
646,870465.6914,534551.1875,100060.9375,634612.125,163422.1875,-400000
647,870297.2265,534551.1875,100327.625,634878.8125,163853.2876,-400000
648,870132.9913,534551.1875,100583.8125,635135,164269.677,-400000
649,869972.962,534551.1875,100829.125,635380.3125,164670.9419,-400000
650,869817.1777,534551.1875,101063.1875,635614.375,165056.6684,-400000
651,869665.6771,534551.1875,101285.6875,635836.875,165426.4427,-400000
652,869518.5615,534551.1875,101496.125,636047.3125,165779.8508,-400000
653,869375.7449,534551.1875,101694.25,636245.4375,166116.4789,-400000
654,869237.3909,534551.1875,101879.625,636430.8125,166435.9131,-400000
655,869103.4763,534551.1875,102051.8125,636603,166737.7394,-400000
656,868973.977,534551.1875,102210.5625,636761.75,167021.5441,-400000
657,868849.057,534551.1875,102355.4375,636906.625,167286.9131,-400000
658,868728.6926,534551.1875,102486.0625,637037.25,167533.4328,-400000
659,868612.9225,534551.1875,102602,637153.1875,167760.6891,-400000
660,868501.7234,534551.1875,102703,637254.1875,167968.2681,-400000
661,868395.2589,534551.1875,102788.5625,637339.75,168155.756,-400000
662,868293.4431,534551.1875,102858.5625,637409.75,168322.9079,-400000
663,868196.3956,534551.1875,102913.3125,637464.5,168470.1545,-400000
664,868103.9982,534551.1875,102953.4375,637504.625,168598.0958,-400000
665,868016.2763,534551.1875,102979.4375,637530.625,168707.3312,-400000
666,867933.1301,534551.1875,102991.9375,637543.125,168798.4609,-400000
667,867854.5848,534551.1875,102991.4375,637542.625,168872.0844,-400000
668,867780.5407,534551.1875,102978.5625,637529.75,168928.8015,-400000
669,867711.0234,534551.1875,102953.75,637504.9375,168969.212,-400000
670,867645.8702,534551.1875,102917.6875,637468.875,168993.9158,-400000
671,867585.169,534551.1875,102870.8125,637422,169003.5126,-400000
672,867528.7575,534551.1875,102813.8125,637365,168998.602,-400000
673,867476.7236,534551.1875,102747.125,637298.3125,168979.784,-400000
674,867428.9053,534551.1875,102671.375,637222.5625,168947.6583,-400000
675,867385.3275,534551.1875,102587.0625,637138.25,168902.8247,-400000
676,867345.8907,534551.1875,102494.8125,637046,168845.8828,-400000
677,867310.62,534551.1875,102395.125,636946.3125,168777.4327,-400000
678,867279.4157,534551.1875,102288.5625,636839.75,168698.0739,-400000
679,867252.2409,534551.1875,102175.75,636726.9375,168608.4063,-400000
680,867229.1203,534551.1875,102057.1875,636608.375,168509.0296,-400000
681,867209.9548,534551.1875,101933.375,636484.5625,168400.5437,-400000
682,867194.6442,534551.1875,101805,636356.1875,168283.5481,-400000
683,867183.2764,534551.1875,101672.5,636223.6875,168158.6429,-400000
684,867175.6892,534551.1875,101536.5,636087.6875,168026.4277,-400000
685,867171.9079,534551.1875,101397.5625,635948.75,167887.5024,-400000
686,867171.8949,534551.1875,101256.1875,635807.375,167742.4666,-400000
687,867175.5511,534551.1875,101113,635664.1875,167591.9201,-400000
688,867182.9014,534551.1875,100968.5,635519.6875,167436.4629,-400000
689,867193.8464,534551.1875,100823.25,635374.4375,167276.6946,-400000
690,867208.3485,534551.1875,100677.8125,635229,167113.2148,-400000
691,867226.3706,534551.1875,100532.75,635083.9375,166946.6236,-400000
692,867247.8753,534551.1875,100388.6875,634939.875,166777.5206,-400000
693,867272.888,534551.1875,100246.0625,634797.25,166606.5056,-400000
694,867301.2468,534551.1875,100105.4375,634656.625,166434.1784,-400000
695,867332.9141,534551.1875,99967.5,634518.6875,166261.1387,-400000
696,867367.9777,534551.1875,99832.6875,634383.875,166087.9864,-400000
697,867406.2755,534551.1875,99701.5625,634252.75,165915.3212,-400000
698,867447.7702,534551.1875,99574.75,634125.9375,165743.7429,-400000
699,867492.4871,534551.1875,99452.75,634003.9375,165573.8512,-400000
700,867540.3264,534551.1875,99336.125,633887.3125,165406.2459,-400000
701,867591.2511,534551.1875,99225.5,633776.6875,165241.5269,-400000
702,867645.2861,534551.1875,99121.3125,633672.5,165080.2938,-400000
703,867702.2695,534551.1875,99024.1875,633575.375,164923.1465,-400000
704,867762.2264,534551.1875,98934.6875,633485.875,164770.6846,-400000
705,867825.1194,534551.1875,98853.3125,633404.5,164623.5082,-400000
706,867890.8491,534551.1875,98780.75,633331.9375,164482.2167,-400000
707,867959.5032,534551.1875,98717.375,633268.5625,164347.4101,-400000
708,868030.857,534551.1875,98663.875,633215.0625,164219.6882,-400000
709,868104.9982,534551.1875,98620.8125,633172,164099.6506,-400000
710,868181.8895,534551.1875,98588.625,633139.8125,163987.8972,-400000
711,868261.3688,534551.1875,98568,633119.1875,163885.0278,-400000
712,868343.5238,534551.1875,98559.4375,633110.625,163791.6421,-400000
713,868428.2547,534551.1875,98563.4375,633114.625,163708.3399,-400000
714,868515.4622,534551.1875,98580.6875,633131.875,163635.7209,-400000
715,868605.2334,534551.1875,98611.625,633162.8125,163574.385,-400000
716,868697.4066,534551.1875,98656.875,633208.0625,163524.9319,-400000
717,868792.0068,534551.1875,98716.9375,633268.125,163487.9614,-400000
718,868888.9344,534551.1875,98792.4375,633343.625,163464.0733,-400000
719,868988.2144,534551.1875,98883.875,633435.0625,163453.8673,-400000
720,869089.7475,534551.1875,98991.8125,633543,163457.9432,-400000
721,869193.4963,534551.1875,99116.875,633668.0625,163476.9008,-400000
722,869299.4861,534551.1875,99259.3125,633810.5,163511.1295,-400000
723,869407.5775,534551.1875,99418.4375,633969.625,163560.1765,-400000
724,869517.536,534551.1875,99593.375,634144.5625,163623.3789,-400000
725,869629.1498,534551.1875,99783.25,634334.4375,163700.0737,-400000
726,869742.2072,534551.1875,99987.1875,634538.375,163789.5977,-400000
727,869856.4967,534551.1875,100204.1875,634755.375,163891.288,-400000
728,869971.6814,534551.1875,100433.375,634984.5625,164004.4816,-400000
729,870087.5497,534551.1875,100673.8125,635225,164128.5153,-400000
730,870203.8274,534551.1875,100924.75,635475.9375,164262.7261,-400000
731,870320.4277,534551.1875,101185.125,635736.3125,164406.4511,-400000
732,870436.9515,534551.1875,101454.0625,636005.25,164559.0271,-400000
733,870553.1871,534551.1875,101730.6875,636281.875,164719.7911,-400000
734,870668.9228,534551.1875,102014.0625,636565.25,164888.08,-400000
735,870783.8844,534551.1875,102303.375,636854.5625,165063.2309,-400000
736,870897.9225,534551.1875,102597.625,637148.8125,165244.5807,-400000
737,871010.7008,534551.1875,102895.875,637447.0625,165431.4664,-400000
738,871121.9448,534551.1875,103197.375,637748.5625,165623.2248,-400000
739,871231.5678,534551.1875,103501.0625,638052.25,165819.193,-400000
740,871339.1709,534551.1875,103806.125,638357.3125,166018.7079,-400000
741,871444.6045,534551.1875,104111.625,638662.8125,166221.1065,-400000
742,871547.5947,534551.1875,104416.625,638967.8125,166425.7257,-400000
743,871647.8674,534551.1875,104720.3125,639271.5,166631.9026,-400000
744,871745.273,534551.1875,105021.6875,639572.875,166838.974,-400000
745,871839.4751,534551.1875,105319.875,639871.0625,167046.2769,-400000
746,871930.2618,534551.1875,105614,640165.1875,167253.1482,-400000
747,872017.4217,534551.1875,105903.1875,640454.375,167458.925,-400000
748,872100.7425,534551.1875,106186.4375,640737.625,167662.9443,-400000
749,872179.8883,534551.1875,106462.875,641014.0625,167864.5428,-400000
750,872254.6469,534551.1875,106731.625,641282.8125,168063.0577,-400000
751,872324.8069,534551.1875,106991.8125,641543,168257.8258,-400000
752,872390.1563,534551.1875,107242.4375,641793.625,168448.1842,-400000
753,872450.3586,534551.1875,107482.6875,642033.875,168633.4697,-400000
754,872505.2644,534551.1875,107711.625,642262.8125,168813.0194,-400000
755,872554.5998,534551.1875,107928.3125,642479.5,168986.1702,-400000
756,872598.0901,534551.1875,108131.875,642683.0625,169152.2591,-400000
757,872635.5241,534551.1875,108321.375,642872.5625,169310.6229,-400000
758,872666.6275,534551.1875,108496,643047.1875,169460.5988,-400000
759,872691.2511,534551.1875,108654.75,643205.9375,169601.5235,-400000
760,872709.0585,534551.1875,108796.75,643347.9375,169732.7342,-400000
761,872719.8373,534551.1875,108921.125,643472.3125,169853.5678,-400000
762,872723.3758,534551.1875,109026.9375,643578.125,169963.3612,-400000
763,872719.4005,534551.1875,109113.3125,643664.5,170061.4513,-400000
764,872707.6993,534551.1875,109179.25,643730.4375,170147.1751,-400000
765,872687.9357,534551.1875,109224,643775.1875,170219.8697,-400000
766,872660.0227,534551.1875,109246.5625,643797.75,170278.8718,-400000
767,872623.6239,534551.1875,109246,643797.1875,170323.5187,-400000
768,872578.465,534551.1875,109221.5,643772.6875,170353.147,-400000
769,872524.3967,534551.1875,109172.125,643723.3125,170367.0939,-400000
770,872461.1453,534551.1875,109096.875,643648.0625,170364.6963,-400000
771,872388.3734,534551.1875,108995,643546.1875,170345.2911,-400000
772,872305.9941,534551.1875,108865.5,643416.6875,170308.2153,-400000
773,872213.6716,534551.1875,108707.5625,643258.75,170252.8059,-400000
774,872111.2561,534551.1875,108520.125,643071.3125,170178.3998,-400000
775,871998.3488,534551.1875,108302.4375,642853.625,170084.334,-400000
776,871874.8626,534551.1875,108053.5,642604.6875,169969.9454,-400000
777,871740.4612,534551.1875,107772.4375,642323.625,169834.5709,-400000
778,871594.9326,534551.1875,107458.3125,642009.5,169677.5477,-400000
779,871438.0028,534551.1875,107110.3125,641661.5,169498.2126,-400000
780,871269.5229,534551.1875,106727.4375,641278.625,169295.9025,-400000
781,871089.1555,534551.1875,106308.875,640860.0625,169069.9545,-400000
782,870896.7511,534551.1875,105854,640405.1875,168819.9011,-400000
783,870692.1532,534551.1875,105363.75,639914.9375,168546.0573,-400000
784,870475.983,534551.1875,104839.5,639390.6875,168248.934,-400000
785,870249.104,534551.1875,104282.5,638833.6875,167929.0418,-400000
786,870012.2545,534551.1875,103694.0625,638245.25,167586.8914,-400000
787,869766.2355,534551.1875,103075.4375,637626.625,167222.9936,-400000
788,869511.7855,534551.1875,102428,636979.1875,166837.8589,-400000
789,869249.7678,534551.1875,101753.0625,636304.25,166431.9982,-400000
790,868980.9837,534551.1875,101051.8125,635603,166005.9223,-400000
791,868706.1086,534551.1875,100325.6875,634876.875,165560.1415,-400000
792,868426.0684,534551.1875,99575.875,634127.0625,165095.167,-400000
793,868141.5395,534551.1875,98803.75,633354.9375,164611.5092,-400000
794,867853.3851,534551.1875,98010.625,632561.8125,164109.6789,-400000
795,867562.4062,534551.1875,97197.6875,631748.875,163590.1868,-400000
796,867269.2788,534551.1875,96366.375,630917.5625,163053.5436,-400000
797,866974.9286,534551.1875,95517.875,630069.0625,162500.26,-400000
798,866680.0318,534551.1875,94653.5625,629204.75,161930.8467,-400000
799,866385.4518,534551.1875,93774.75,628325.9375,161345.8144,-400000
800,866091.9893,534551.1875,92882.6875,627433.875,160745.6739,-400000
801,865800.383,534551.1875,91978.6875,626529.875,160130.9359,-400000
802,865511.4336,534551.1875,91064.0625,625615.25,159502.111,-400000
803,865225.9422,534551.1875,90140.0625,624691.25,158859.7099,-400000
804,864944.6474,534551.1875,89208.0625,623759.25,158204.2434,-400000
805,864668.4123,534551.1875,88269.375,622820.5625,157536.2223,-400000
806,864398.038,534551.1875,87325.25,621876.4375,156856.157,-400000
807,864134.2629,534551.1875,86376.9375,620928.125,156164.5585,-400000
808,863877.8255,534551.1875,85425.875,619977.0625,155461.9374,-400000
809,863629.6516,534551.1875,84473.25,619024.4375,154748.8045,-400000
810,863390.4173,534551.1875,83520.375,618071.5625,154025.6703,-400000
811,863160.9235,534551.1875,82568.625,617119.8125,153293.0456,-400000
812,862942.0335,534551.1875,81619.25,616170.4375,152551.4412,-400000
813,862734.4858,534551.1875,80673.5,615224.6875,151801.3678,-400000
814,862539.019,534551.1875,79732.75,614283.9375,151043.336,-400000
815,862356.4964,534551.1875,78798.3125,613349.5,150277.8566,-400000
816,862187.7187,534551.1875,77871.4375,612422.625,149505.4402,-400000
817,862033.4249,534551.1875,76953.4375,611504.625,148726.5976,-400000
818,861894.4152,534551.1875,76045.625,610596.8125,147941.8396,-400000
819,861771.4916,534551.1875,75149.3125,609700.5,147151.6767,-400000
820,861665.4541,534551.1875,74265.75,608816.9375,146356.6197,-400000
821,861577.0414,534551.1875,73396.3125,607947.5,145557.1793,-400000
822,861507.1169,534551.1875,72542.1875,607093.375,144753.8663,-400000
823,861456.3568,534551.1875,71704.8125,606256,143947.1913,-400000
824,861425.6866,534551.1875,70885.4375,605436.625,143137.665,-400000
825,861415.8451,534551.1875,70085.3125,604636.5,142325.7982,-400000
826,861427.5706,534551.1875,69305.8125,603857,141512.1015,-282600.192
827,744156.7155,534551.1875,68548.125,603099.3125,140697.0857,-282600.192
828,744213.9781,534551.1875,67813.6875,602364.875,139881.2614,-282600.192
829,744295.273,534551.1875,67103.75,601654.9375,139065.1395,-282600.192
830,744401.3386,534551.1875,66419.5625,600970.75,138249.2305,-282600.192
831,744532.9137,534551.1875,65762.5,600313.6875,137434.0453,-11304.00768
832,473654.7383,534551.1875,65133.8125,599685,136620.0944,-11304.00768
833,473839.7984,534551.1875,64534.8125,599086,135807.8887,-11304.00768
834,474052.7707,534551.1875,63966.8125,598518,134997.9387,-11304.00768
835,474294.4562,534551.1875,63431.125,597982.3125,134190.7553,-11304.00768
836,474565.6559,534551.1875,62929.0625,597480.25,133386.8492,-452.1603072
837,464026.9149,534551.1875,62461.8125,597013,132586.731,-452.1603072
838,464359.4207,534551.1875,62030.8125,596582,131790.9114,-452.1603072
839,464723.8436,534551.1875,61637.3125,596188.5,130999.9013,-452.1603072
840,465120.9219,534551.1875,61282.625,595833.8125,130214.2112,-452.1603072
841,465551.4567,534551.1875,60968,595519.1875,129434.3518,-18.08641227
842,465582.5779,534551.1875,60694.375,595245.5625,128660.7411,-18.08641227
843,466082.0215,534551.1875,60461.1875,595012.375,127893.4254,-18.08641227
844,466615.5709,534551.1875,60267.3125,594818.5,127132.358,-18.08641227
845,467182.1494,534551.1875,60111.6875,594662.875,126377.4925,-18.08641227
846,467780.7415,534551.1875,59993.375,594544.5625,125628.7824,-0.723456504
847,468393.1134,534551.1875,59911.3125,594462.5,124886.1811,-0.723456504
848,469052.9385,534551.1875,59864.4375,594415.625,124149.6421,-0.723456504
849,469741.8578,534551.1875,59851.8125,594403,123419.1187,-0.723456504
850,470458.9812,534551.1875,59872.25,594423.4375,122694.5646,-0.723456504
851,471203.1691,534551.1875,59924.8125,594476,121975.9331,-0.028938257
852,471972.8375,534551.1875,60008.5,594559.6875,121263.1777,-0.028938257
853,472768.4216,534551.1875,60122.25,594673.4375,120556.252,-0.028938257
854,473588.2128,534551.1875,60264.9375,594816.125,119855.1092,-0.028938257
855,474431.1337,534551.1875,60435.6875,594986.875,119159.703,-0.028938257
856,475296.3569,534551.1875,60633.375,595184.5625,118469.9867,-0.001157527
857,476182.7771,534551.1875,60857,595408.1875,117785.9139,-0.001157527
858,477089.4976,534551.1875,61105.5,595656.6875,117107.4379,-0.001157527
859,478015.4756,534551.1875,61377.8125,595929,116434.5124,-0.001157527
860,478959.6964,534551.1875,61673.0625,596224.25,115767.0906,-0.001157527
861,479921.3321,534551.1875,61990,596541.1875,115105.1261,-4.63E-05
862,480899.1798,534551.1875,62327.75,596878.9375,114448.5724,-4.63E-05
863,481892.4139,534551.1875,62685.25,597236.4375,113797.3828,-4.63E-05
864,482900.0185,534551.1875,63061.4375,597612.625,113151.511,-4.63E-05
865,483920.9789,534551.1875,63455.3125,598006.5,112510.9102,-4.63E-05
866,484954.3422,534551.1875,63865.8125,598417,111875.5341,-1.87E-06
867,485999.0939,534551.1875,64291.9375,598843.125,111245.336,-1.87E-06
868,487054.2816,534551.1875,64732.625,599283.8125,110620.2695,-1.87E-06
869,488118.8901,534551.1875,65186.875,599738.0625,110000.2879,-1.87E-06
870,489191.9673,534551.1875,65653.625,600204.8125,109385.3448,-1.87E-06
871,490272.4981,534551.1875,66131.8125,600683,108775.3936,-6.95E-08
872,491359.4677,534551.1875,66620.5,601171.6875,108170.3877,-6.95E-08
873,492451.9862,534551.1875,67118.625,601669.8125,107570.2807,-6.95E-08
874,493549.0386,534551.1875,67625.0625,602176.25,106975.026,-6.95E-08
875,494649.5476,534551.1875,68138.875,602690.0625,106384.577,-6.95E-08
876,495752.6232,534551.1875,68659.0625,603210.25,105798.8873,-9.92E-09
877,496857.313,534551.1875,69184.5,603735.6875,105217.9103,-9.92E-09
878,497962.5396,534551.1875,69714.1875,604265.375,104641.5994,-9.92E-09
879,499067.3507,534551.1875,70247.125,604798.3125,104069.9081,-9.92E-09
880,500170.7938,534551.1875,70782.25,605333.4375,103502.7899,-9.92E-09
881,501271.8539,534551.1875,71318.5625,605869.75,102940.1982,-9.92E-09
882,502369.5787,534551.1875,71854.9375,606406.125,102382.0865,-9.92E-09
883,503462.8909,534551.1875,72390.4375,606941.625,101828.4083,-9.92E-09
884,504550.9005,534551.1875,72924.0625,607475.25,101279.117,-9.92E-09
885,505632.655,534551.1875,73454.6875,608005.875,100734.1661,-9.92E-09
886,506707.077,534551.1875,73981.3125,608532.5,100193.509,-9.92E-09
887,507773.2143,534551.1875,74502.875,609054.0625,99657.09927,-9.92E-09
888,508830.0519,534551.1875,75018.4375,609569.625,99124.8903,-9.92E-09
889,509876.6997,534551.1875,75526.875,610078.0625,98596.83557,-9.92E-09
890,510912.0806,534551.1875,76027.25,610578.4375,98072.88855,-9.92E-09
891,511935.3044,534551.1875,76518.375,611069.5625,97553.00268,-9.92E-09
892,512945.2314,534551.1875,76999.375,611550.5625,97037.13143,-9.92E-09
893,513941.0362,534551.1875,77469.1875,612020.375,96525.22828,-9.92E-09
894,514921.6997,534551.1875,77926.6875,612477.875,96017.24669,-9.92E-09
895,515886.1457,534551.1875,78370.9375,612922.125,95513.14009,-9.92E-09
896,516833.4862,534551.1875,78800.875,613352.0625,95012.86199,-9.92E-09
897,517762.7079,534551.1875,79215.4375,613766.625,94516.36582,-9.92E-09
898,518672.7907,534551.1875,79613.625,614164.8125,94023.60506,-9.92E-09
899,519562.7833,534551.1875,79994.4375,614545.625,93534.53315,-9.92E-09
900,520431.7362,534551.1875,80356.8125,614908,93049.10358,-9.92E-09
901,521278.6371,534551.1875,80699.6875,615250.875,92567.2698,-9.92E-09
902,522102.4634,534551.1875,81022.375,615573.5625,92089.00574,-9.92E-09
903,522902.5583,534551.1875,81325.25,615876.4375,91614.36725,-9.92E-09
904,523679.2407,534551.1875,81609.0625,616160.25,91143.43064,-9.92E-09
905,524433.1827,534551.1875,81874.5,616425.6875,90676.27221,-9.92E-09
906,525164.9952,534551.1875,82122.3125,616673.5,90212.96828,-6.61E-09
907,525875.3522,534551.1875,82353.25,616904.4375,89753.59517,-6.61E-09
908,526564.9242,534551.1875,82567.875,617119.0625,89298.22917,-6.61E-09
909,527234.1986,534551.1875,82767.0625,617318.25,88846.9466,-6.61E-09
910,527883.9735,534551.1875,82951.4375,617502.625,88399.82377,-6.61E-09
911,528514.7959,534551.1875,83121.75,617672.9375,87956.937,400000
912,129619.0795,534551.1875,83278.6875,617829.875,87518.36259,400000
913,130213.9604,534551.1875,83423.0625,617974.25,87084.17687,400000
914,130791.9081,534551.1875,83555.4375,618106.625,86654.45612,400000
915,131353.4082,534551.1875,83676.625,618227.8125,86229.27668,400000
916,131899.1961,534551.1875,83787.3125,618338.5,85808.71485,400000
917,132429.8824,534551.1875,83888.1875,618439.375,85392.84693,400000
918,132946.0776,534551.1875,83980,618531.1875,84981.74925,400000
919,133448.4546,534551.1875,84063.5,618614.6875,84575.49812,400000
920,133937.6861,534551.1875,84139.375,618690.5625,84174.16984,400000
921,134414.3834,534551.1875,84208.25,618759.4375,83777.84072,400000
922,134879.0943,534551.1875,84271,618822.1875,83386.58708,400000
923,135332.6163,534551.1875,84328.1875,618879.375,83000.48522,400000
924,135775.4355,534551.1875,84380.625,618931.8125,82619.61148,400000
925,136208.287,534551.1875,84429.0625,618980.25,82244.04213,400000
926,136631.8439,534551.1875,84474.0625,619025.25,81873.85351,400000
927,137046.5919,534551.1875,84516.4375,619067.625,81509.12192,400000
928,137453.2664,534551.1875,84556.9375,619108.125,81149.92367,400000
929,137852.5403,534551.1875,84596.1875,619147.375,80796.33508,400000
930,138244.9617,534551.1875,84635,619186.1875,80448.43246,400000
931,138631.266,534551.1875,84674,619225.1875,80106.29212,400000
932,139012.0015,534551.1875,84713.9375,619265.125,79769.99035,400000
933,139387.8409,534551.1875,84755.5,619306.6875,79439.60349,400000
934,139759.395,534551.1875,84799.5,619350.6875,79115.20785,400000
935,140127.3989,534551.1875,84846.5625,619397.75,78796.87973,400000
936,140492.4009,534551.1875,84897.375,619448.5625,78484.69543,400000
937,140855.0115,534551.1875,84952.75,619503.9375,78178.73128,400000
938,141215.9662,534551.1875,85013.375,619564.5625,77879.06359,400000
939,141575.8754,534551.1875,85079.875,619631.0625,77585.76866,400000
940,141935.2872,534551.1875,85153.0625,619704.25,77298.92282,400000
941,142294.9371,534551.1875,85233.625,619784.8125,77018.60235,400000
942,142655.4356,534551.1875,85322.3125,619873.5,76744.8836,400000
943,143017.4557,534551.1875,85419.75,619970.9375,76477.84285,400000
944,143381.5455,534551.1875,85526.6875,620077.875,76217.55642,400000
945,143748.3779,534551.1875,85643.875,620195.0625,75964.10064,400000
946,144118.6259,534551.1875,85772.0625,620323.25,75717.55178,400000
947,144492.9625,534551.1875,85911.875,620463.0625,75477.9862,400000
948,144871.9357,534551.1875,86064.0625,620615.25,75245.48018,400000
949,145256.2187,534551.1875,86229.3125,620780.5,75020.11003,400000
950,145646.4218,534551.1875,86408.375,620959.5625,74801.95207,400000
951,146043.2182,534551.1875,86602,621153.1875,74591.08262,400000
952,146447.2806,534551.1875,86810.8125,621362,74387.57797,400000
953,146859.1573,534551.1875,87035.5625,621586.75,74191.51446,400000
954,147279.5213,534551.1875,87277,621828.1875,74002.96837,400000
955,147709.0454,534551.1875,87535.875,622087.0625,73822.01603,400000
956,148148.4026,534551.1875,87812.75,622363.9375,73648.73374,400000
957,148598.0788,534551.1875,88108.5,622659.6875,73483.19783,400000
958,149058.8715,534551.1875,88423.75,622974.9375,73325.48459,400000
959,149531.3291,534551.1875,88759.1875,623310.375,73175.67034,400000
960,150016.0619,534551.1875,89115.625,623666.8125,73033.8314,400000
961,150513.8055,534551.1875,89493.75,624044.9375,72900.04406,400000
962,151025.1703,534551.1875,89894,624445.1875,72774.33851,400000
963,151550.5633,534551.1875,90315.8125,624867,72656.56035,400000
964,152089.577,534551.1875,90758.375,625309.5625,72546.50905,400000
965,152641.5995,534551.1875,91220.875,625772.0625,72443.98408,400000
966,153206.021,534551.1875,91702.5625,626253.75,72348.78492,400000
967,153782.2912,534551.1875,92202.625,626753.8125,72260.71101,400000
968,154369.7993,534551.1875,92720.1875,627271.375,72179.56185,400000
969,154967.8711,534551.1875,93254.5,627805.6875,72105.13688,400000
970,155575.9588,534551.1875,93804.75,628355.9375,72037.23559,400000
971,156193.45,534551.1875,94370.0625,628921.25,71975.65743,400000
972,156819.6714,534551.1875,94949.75,629500.9375,71920.20189,400000
973,157454.1365,534551.1875,95542.9375,630094.125,71870.66843,400000
974,158096.1715,534551.1875,96148.8125,630700,71826.85652,400000
975,158745.1652,534551.1875,96766.5625,631317.75,71788.56562,400000
976,159400.5061,534551.1875,97395.375,631946.5625,71755.59521,400000
977,160061.583,534551.1875,98034.5,632585.6875,71727.74474,400000
978,160727.8471,534551.1875,98683.125,633234.3125,71704.8137,400000
979,161398.6869,534551.1875,99340.375,633891.5625,71686.60155,400000
980,162073.4288,534551.1875,100005.4375,634556.625,71672.90776,400000
981,162751.4614,534551.1875,100677.625,635228.8125,71663.5318,400000
982,163432.2982,534551.1875,101356,635907.1875,71658.27313,400000
983,164115.2032,534551.1875,102039.875,636591.0625,71656.93123,400000
984,164799.6898,534551.1875,102728.3125,637279.5,71659.30556,400000
985,165485.0218,534551.1875,103420.625,637971.8125,71665.19559,400000
986,166170.7129,534551.1875,104115.875,638667.0625,71674.4008,400000
987,166856.0268,534551.1875,104813.4375,639364.625,71686.72064,400000
988,167540.5394,534551.1875,105512.3125,640063.5,71701.95459,400000
989,168223.4523,534551.1875,106211.8125,640763,71719.90211,400000
990,168904.2789,534551.1875,106911.125,641462.3125,71740.36268,400000
991,169582.4079,534551.1875,107609.375,642160.5625,71763.13577,400000
992,170257.1656,534551.1875,108305.8125,642857,71788.02084,400000
993,170928.0031,534551.1875,108999.625,643550.8125,71814.81736,400000
994,171594.309,534551.1875,109690,644241.1875,71843.3248,400000
995,172255.4723,534551.1875,110376.125,644927.3125,71873.34263,400000
996,172910.8811,534551.1875,111057.125,645608.3125,71904.67031,400000
997,173559.8622,534551.1875,111732.375,646283.5625,71937.10732,400000
998,174201.9914,534551.1875,112400.875,646952.0625,71970.45312,400000
999,174836.4699,534551.1875,113061.9375,647613.125,72004.50719,400000
1000,175462.8115,534551.1875,113714.6875,648265.875,72039.06899,400000
1001,176080.3423,534551.1875,114358.375,648909.5625,72073.93799,400000
1002,176688.5135,534551.1875,114992.125,649543.3125,72108.91365,400000
1003,177286.6514,534551.1875,115615.25,650166.4375,72143.79546,400000
1004,177874.2694,534551.1875,116226.8125,650778,72178.38286,400000
1005,178450.6315,534551.1875,116826.0625,651377.25,72212.47536,400000
1006,179015.1886,534551.1875,117412.1875,651963.375,72245.87238,400000
1007,179567.3295,534551.1875,117984.375,652535.5625,72278.37342,400000
1008,180106.443,534551.1875,118541.8125,653093,72309.77794,400000
1009,180631.9176,534551.1875,119083.6875,653634.875,72339.88541,400000
1010,181143.142,534551.1875,119609.25,654160.4375,72368.4953,400000
1011,181639.5674,534551.1875,120117.625,654668.8125,72395.40707,400000
1012,182120.5201,534551.1875,120608.0625,655159.25,72420.4202,400000
1013,182585.451,534551.1875,121079.6875,655630.875,72443.33415,400000
1014,183033.6866,534551.1875,121531.75,656082.9375,72463.9484,400000
1015,183464.6778,534551.1875,121963.4375,656514.625,72482.0624,400000
1016,183877.8135,534551.1875,122373.9375,656925.125,72497.47563,400000
1017,184272.4822,534551.1875,122762.4375,657313.625,72509.98757,400000
1018,184648.0726,534551.1875,123128.0625,657679.25,72519.39767,400000
1019,185003.9111,534551.1875,123470.125,658021.3125,72525.5054,400000
1020,185339.5112,534551.1875,123787.8125,658339,72528.11024,400000
1021,185654.2614,534551.1875,124080.1875,658631.375,72527.01166,400000
1022,185947.4258,534551.1875,124346.75,658897.9375,72522.08626,400000
1023,186218.628,534551.1875,124587.8125,659139,72513.51923,400000
1024,186467.995,534551.1875,124803.8125,659355,72501.57294,400000
1025,186695.7019,534551.1875,124995.1875,659546.375,72486.5097,400000
1026,186901.9237,534551.1875,125162.5,659713.6875,72468.59187,400000
1027,187086.96,534551.1875,125306.25,659857.4375,72448.08179,400000
1028,187251.0486,534551.1875,125426.9375,659978.125,72425.24179,400000
1029,187394.4265,534551.1875,125524.9375,660076.125,72400.33421,400000
1030,187517.2064,534551.1875,125600.875,660152.0625,72373.62141,400000
1031,187619.7508,534551.1875,125655.1875,660206.375,72345.36571,400000
1032,187702.2343,534551.1875,125688.3125,660239.5,72315.82946,400000
1033,187764.832,534551.1875,125700.8125,660252,72285.275,400000
1034,187807.8439,534551.1875,125693.1875,660244.375,72253.96467,400000
1035,187831.5072,534551.1875,125665.875,660217.0625,72222.16081,400000
1036,187835.9969,534551.1875,125619.375,660170.5625,72190.12576,400000
1037,187821.5505,534551.1875,125554.1875,660105.375,72158.12186,400000
1038,187788.4055,534551.1875,125470.75,660021.9375,72126.41146,400000
1039,187736.7366,534551.1875,125369.6875,659920.875,72095.25689,400000
1040,187666.9062,534551.1875,125251.3125,659802.5,72064.92049,400000
1041,187578.9645,534551.1875,125116.3125,659667.5,72035.6646,400000
1042,187473.336,534551.1875,124965,659516.1875,72007.75158,400000
1043,187350.071,534551.1875,124797.9375,659349.125,71981.44375,400000
1044,187209.4693,534551.1875,124615.625,659166.8125,71957.00345,400000
1045,187051.7681,534551.1875,124418.5625,658969.75,71934.69304,400000
1046,186877.2052,534551.1875,124207.1875,658758.375,71914.77484,400000
1047,186685.9553,534551.1875,123982.0625,658533.25,71897.5112,400000
1048,186478.3182,534551.1875,123743.625,658294.8125,71883.16447,400000
1049,186254.4691,534551.1875,123492.375,658043.5625,71871.99696,400000
1050,186014.6451,534551.1875,123228.75,657779.9375,71864.27105,400000
1051,185759.0215,534551.1875,122953.3125,657504.5,71860.24905,400000
1052,185487.8979,534551.1875,122666.5625,657217.75,71860.19331,400000
1053,185201.5117,534551.1875,122369,656920.1875,71864.36618,400000
1054,184900.1005,534551.1875,122061,656612.1875,71873.03,400000
1055,184583.7766,534551.1875,121743.125,656294.3125,71886.4471,400000
1056,184252.8402,534551.1875,121415.9375,655967.125,71904.87982,400000
1057,183907.5907,534551.1875,121079.8125,655631,71928.59051,400000
1058,183548.141,534551.1875,120735.25,655286.4375,71957.84151,400000
1059,183174.7283,534551.1875,120382.8125,654934,71992.89515,400000
1060,182787.6524,534551.1875,120022.9375,654574.125,72034.01378,400000
1061,182387.0884,534551.1875,119656.1875,654207.375,72081.45975,400000
1062,181973.3361,534551.1875,119282.9375,653834.125,72135.49538,400000
1063,181546.5081,534551.1875,118903.75,653454.9375,72196.38302,400000
1064,181106.9038,534551.1875,118519.0625,653070.25,72264.38502,400000
1065,180654.6993,534551.1875,118129.4375,652680.625,72339.7637,400000
1066,180190.1932,534551.1875,117735.3125,652286.5,72422.78142,400000
1067,179713.5611,534551.1875,117337.1875,651888.375,72513.70051,400000
1068,179225.0402,534551.1875,116935.5625,651486.75,72612.78331,400000
1069,178724.868,534551.1875,116530.9375,651082.125,72720.29217,400000
1070,178213.2819,534551.1875,116123.75,650674.9375,72836.48942,400000
1071,177690.4568,534551.1875,115714.5625,650265.75,72961.63742,400000
1072,177156.6926,534551.1875,115303.8125,649855,73095.99848,400000
1073,176612.1643,534551.1875,114892,649443.1875,73239.83497,400000
1074,176057.1092,534551.1875,114479.625,649030.8125,73393.40922,400000
1075,175491.7648,534551.1875,114067.1875,648618.375,73556.98355,400000
1076,174916.3685,534551.1875,113655.1875,648206.375,73730.82034,400000
1077,174331.1577,534551.1875,113244.0625,647795.25,73915.1819,400000
1078,173736.3073,534551.1875,112834.3125,647385.5,74110.33058,400000
1079,173132.0548,534551.1875,112426.5,646977.6875,74316.52872,400000
1080,172518.7,534551.1875,112021,646572.1875,74534.03867,400000
1081,171896.3555,534551.1875,111618.375,646169.5625,74763.12277,400000
1082,171265.321,534551.1875,111219.0625,645770.25,75003.92937,400000
1083,170625.8854,534551.1875,110823.0625,645374.25,75256.15101,400000
1084,169978.3558,534551.1875,110430.5625,644981.75,75519.36623,400000
1085,169323.3406,534551.1875,110041.4375,644592.625,75793.15356,400000
1086,168661.1358,534551.1875,109655.8125,644207,76077.09157,-183333.3333
1087,750649.4331,534551.1875,109273.75,643824.9375,76370.75877,-183333.3333
1088,749974.4339,534551.1875,108895.1875,643446.375,76673.73376,-183333.3333
1089,749293.6332,534551.1875,108520.1875,643071.375,76985.59503,-183333.3333
1090,748607.5143,534551.1875,108148.8125,642700,77305.92116,-183333.3333
1091,747916.5607,534551.1875,107781.125,642332.3125,77634.2907,-400000
1092,963704.0833,534551.1875,107417.0625,641968.25,77970.28216,-400000
1093,963004.7892,534551.1875,107056.6875,641607.875,78313.47412,-400000
1094,962301.986,534551.1875,106700.0625,641251.25,78663.44512,-400000
1095,961596.1568,534551.1875,106347.25,640898.4375,79019.77369,-400000
1096,960887.7853,534551.1875,105998.1875,640549.375,79382.03838,376724.367
1097,184280.7468,534551.1875,105653,640204.1875,79749.81776,376724.367
1098,183568.5402,534551.1875,105311.625,639862.8125,80122.69035,376724.367
1099,182855.0542,534551.1875,104974.1875,639525.375,80500.2347,376724.367
1100,182140.8345,534551.1875,104640.6875,639191.875,80882.02937,376724.367
1101,181426.3023,534551.1875,104311.125,638862.3125,81267.65289,384377.3247
1102,173069.4043,534551.1875,103985.5625,638536.75,81656.6838,384377.3247
1103,172355.5723,534551.1875,103664,638215.1875,82048.70067,384377.3247
1104,171642.7531,534551.1875,103346.5,637897.6875,82443.28203,384377.3247
1105,170931.4303,534551.1875,103033.125,637584.3125,82840.00643,384377.3247
1106,170222.0873,534551.1875,102723.875,637275.0625,83238.45242,400000
1107,153914.0098,534551.1875,102418.75,636969.9375,83638.19854,400000
1108,153209.8889,534551.1875,102117.8125,636669,84038.82333,400000
1109,152509.0735,534551.1875,101821.0625,636372.25,84439.90534,400000
1110,151811.9842,534551.1875,101528.625,636079.8125,84841.02312,400000
1111,151119.167,534551.1875,101240.4375,635791.625,85241.75522,400000
1112,150430.9805,534551.1875,100956.5625,635507.75,85641.68018,400000
1113,149747.9081,534551.1875,100677,635228.1875,86040.37654,400000
1114,149070.3707,534551.1875,100401.875,634953.0625,86437.42286,400000
1115,148398.9144,534551.1875,100131.125,634682.3125,86832.39768,400000
1116,147733.8976,534551.1875,99864.8125,634416,87224.87953,400000
1117,147075.8038,534551.1875,99603,634154.1875,87614.44698,400000
1118,146425.1158,534551.1875,99345.6875,633896.875,88000.67856,400000
1119,145782.2555,534551.1875,99092.875,633644.0625,88383.15282,400000
1120,145147.6447,534551.1875,98844.6875,633395.875,88761.44831,400000
1121,144521.8273,534551.1875,98601.0625,633152.25,89135.14357,400000
1122,143905.1626,534551.1875,98362.125,632913.3125,89503.81716,400000
1123,143298.1966,534551.1875,98127.8125,632679,89867.04761,400000
1124,142701.2894,534551.1875,97898.1875,632449.375,90224.41347,400000
1125,142114.9217,534551.1875,97673.3125,632224.5,90575.49328,400000
1126,141539.5779,534551.1875,97453.1875,632004.375,90919.8656,400000
1127,140975.6793,534551.1875,97237.875,631789.0625,91257.10896,400000
1128,140423.7113,534551.1875,97027.375,631578.5625,91586.80193,400000
1129,139884.0913,534551.1875,96821.6875,631372.875,91908.52302,400000
1130,139357.2414,534551.1875,96620.9375,631172.125,92221.85081,400000
1131,138843.7083,534551.1875,96425.125,630976.3125,92526.36383,400000
1132,138343.9151,534551.1875,96234.25,630785.4375,92821.64063,400000
1133,137858.2782,534551.1875,96048.375,630599.5625,93107.25975,400000
1134,137387.2828,534551.1875,95867.5,630418.6875,93382.79974,400000
1135,136931.3506,534551.1875,95691.6875,630242.875,93647.83914,400000
1136,136490.9678,534551.1875,95520.9375,630072.125,93901.95651,400000
1137,136066.5497,534551.1875,95355.3125,629906.5,94144.73038,400000
1138,135658.5818,534551.1875,95194.875,629746.0625,94375.7393,400000
1139,135267.5486,534551.1875,95039.5625,629590.75,94594.56183,400000
1140,134893.8118,534551.1875,94889.4375,629440.625,94800.7765,400000
1141,134537.8479,534551.1875,94744.625,629295.8125,94993.96186,267317.6115
1142,266705.7291,534551.1875,94605,629156.1875,95173.84386,267317.6115
1143,266386.5603,534551.1875,94470.3125,629021.5,95340.73811,267317.6115
1144,266085.2976,534551.1875,94340.3125,628891.5,95495.10762,267317.6115
1145,265801.2289,534551.1875,94214.5625,628765.75,95637.41538,267317.6115
1146,265533.4547,534551.1875,94092.8125,628644,95768.12439,0
1147,532283.9645,534551.1875,93974.75,628525.9375,95887.69768,0
1148,532046.5815,534551.1875,93860.0625,628411.25,95996.59824,0
1149,531823.2313,534551.1875,93748.375,628299.5625,96095.28908,0
1150,531613.0768,534551.1875,93639.375,628190.5625,96184.23321,0
1151,531415.3433,534551.1875,93532.75,628083.9375,96263.89364,0
1152,531229.256,534551.1875,93428.25,627979.4375,96334.73337,0
1153,531054.1029,534551.1875,93325.5,627876.6875,96397.2154,0
1154,530889.0467,534551.1875,93224.125,627775.3125,96451.80274,0
1155,530733.2503,534551.1875,93123.875,627675.0625,96498.95842,0
1156,530586.0016,534551.1875,93024.375,627575.5625,96539.14541,0
1157,530446.4634,534551.1875,92925.375,627476.5625,96572.82674,0
1158,530313.9235,534551.1875,92826.5,627377.6875,96600.4654,0
1159,530187.5447,534551.1875,92727.5,627278.6875,96622.52441,0
1160,530066.6148,534551.1875,92627.9375,627179.125,96639.46678,0
1161,529950.2344,534551.1875,92527.5625,627078.75,96651.7555,0
1162,529837.691,534551.1875,92426.0625,626977.25,96659.8536,0
1163,529728.2102,534551.1875,92323.0625,626874.25,96664.22406,0
1164,529620.9547,534551.1875,92218.3125,626769.5,96665.3299,0
1165,529515.2123,534551.1875,92111.4375,626662.625,96663.63412,0
1166,529410.146,534551.1875,92002.1875,626553.375,96659.59973,0
1167,529305.0434,534551.1875,91890.125,626441.3125,96653.68975,0
1168,529199.0051,534551.1875,91775.0625,626326.25,96646.36716,0
1169,529091.3812,534551.1875,91656.5625,626207.75,96638.09499,0
1170,528981.2722,534551.1875,91534.375,626085.5625,96629.33624,0
1171,528867.9659,534551.1875,91408.125,625959.3125,96620.55389,0
1172,528750.6251,534551.1875,91277.5625,625828.75,96612.21099,0
1173,528628.5375,534551.1875,91142.3125,625693.5,96604.77053,0
1174,528500.8663,534551.1875,91002.0625,625553.25,96598.6955,0
1175,528366.8365,534551.1875,90856.5,625407.6875,96594.44893,0
1176,528225.6736,534551.1875,90705.3125,625256.5,96592.49381,0
1177,528076.6028,534551.1875,90548.125,625099.3125,96593.29315,0
1178,527918.7872,534551.1875,90384.75,624935.9375,96597.30996,0
1179,527751.5767,534551.1875,90214.6875,624765.875,96605.00724,0
1180,527574.0096,534551.1875,90037.75,624588.9375,96616.84801,0
1181,527385.436,534551.1875,89853.625,624404.8125,96633.29526,0
1182,527185.0812,534551.1875,89661.875,624213.0625,96654.81201,0
1183,526972.0457,534551.1875,89462.25,624013.4375,96681.86126,0
1184,526745.6171,534551.1875,89254.4375,623805.625,96714.90601,0
1185,526505.021,534551.1875,89038.125,623589.3125,96754.40927,0
1186,526249.4825,534551.1875,88812.9375,623364.125,96800.83407,0
1187,525978.1646,534551.1875,88578.5625,623129.75,96854.64338,0
1188,525690.2927,534551.1875,88334.75,622885.9375,96916.30023,0
1189,525385.1543,534551.1875,88081.125,622632.3125,96986.26761,0
1190,525061.9126,534551.1875,87817.375,622368.5625,97065.00854,0
1191,524719.7928,534551.1875,87543.1875,622094.375,97152.98602,0
1192,524358.0201,534551.1875,87258.1875,621809.375,97250.66307,0
1193,523975.7575,534551.1875,86962.125,621513.3125,97358.50267,0
1194,523572.2928,534551.1875,86654.625,621205.8125,97476.96785,0
1195,523146.7888,534551.1875,86335.4375,620886.625,97606.52161,0
1196,522698.5333,534551.1875,86004.1875,620555.375,97747.62694,0
1197,522226.6895,534551.1875,85660.5625,620211.75,97900.74687,0
1198,521730.4821,534551.1875,85304.25,619855.4375,98066.34441,0
1199,521209.1368,534551.1875,84934.9375,619486.125,98244.88254,0
1200,520661.8789,534551.1875,84552.25,619103.4375,98436.82427,0
1201,520087.8714,534551.1875,84155.9375,618707.125,98642.63263,0
1202,519486.4018,534551.1875,83745.75,618296.9375,98862.61586,0
1203,518856.9126,534551.1875,83321.875,617873.0625,99096.46318,0
1204,518199.9012,534551.1875,82884.6875,617435.875,99343.70908,0
1205,517516.2074,534551.1875,82434.5,616985.6875,99603.88804,0
1206,516806.6082,534551.1875,81971.5625,616522.75,99876.53452,0
1207,516071.8184,534551.1875,81496.25,616047.4375,100161.183,0
1208,515312.6777,534551.1875,81008.8125,615560,100457.368,0
1209,514529.9011,534551.1875,80509.6875,615060.875,100764.624,0
1210,513724.3894,534551.1875,79999.0625,614550.25,101082.4853,0
1211,512896.7965,534551.1875,79477.375,614028.5625,101410.4867,0
1212,512048.0238,534551.1875,78944.8125,613496,101748.1624,0
1213,511178.7237,534551.1875,78401.8125,612953,102095.0469,0
1214,510289.798,534551.1875,77848.5625,612399.75,102450.6748,0
1215,509381.8991,534551.1875,77285.5,611836.6875,102814.5806,0
1216,508455.9292,534551.1875,76712.9375,611264.125,103186.2987,0
1217,507512.6656,534551.1875,76131.0625,610682.25,103565.3635,0
1218,506552.7603,534551.1875,75540.375,610091.5625,103951.3095,0
1219,505577.1785,534551.1875,74941,609492.1875,104343.6714,0
1220,504586.5082,534551.1875,74333.4375,608884.625,104741.9834,0
1221,503581.7161,534551.1875,73717.875,608269.0625,105145.7802,0
1222,502563.4541,534551.1875,73094.625,607645.8125,105554.596,0
1223,501532.4984,534551.1875,72464.125,607015.3125,105967.9656,0
1224,500489.7513,534551.1875,71826.5625,606377.75,106385.4231,0
1225,499435.8658,534551.1875,71182.3125,605733.5,106806.5035,0
1226,498371.6809,534551.1875,70531.75,605082.9375,107230.7407,0
1227,497298.037,534551.1875,69875.0625,604426.25,107657.6697,0
1228,496215.5844,534551.1875,69212.6875,603763.875,108086.8245,0
1229,495125.2278,534551.1875,68544.8125,603096,108517.7399,0
1230,494027.6184,534551.1875,67871.875,602423.0625,108949.9504,0
1231,492923.6581,534551.1875,67194.1875,601745.375,109382.9902,0
1232,491814.1239,534551.1875,66511.9375,601063.125,109816.394,0
1233,490699.6684,534551.1875,65825.5625,600376.75,110249.6963,0
1234,489581.1937,534551.1875,65135.375,599686.5625,110682.4314,0
1235,488459.4771,534551.1875,64441.625,598992.8125,111114.1339,0
1236,487335.2325,534551.1875,63744.6875,598295.875,111544.3381,0
1237,486209.3009,534551.1875,63044.875,597596.0625,111972.5788,0
1238,485082.4588,534551.1875,62342.5,596893.6875,112398.3902,0
1239,483955.4832,534551.1875,61637.8125,596189,112821.307,0
1240,482829.0891,534551.1875,60931.1875,595482.375,113240.8635,0
1241,481704.116,534551.1875,60223,594774.1875,113656.5941,0
1242,480581.4036,534551.1875,59513.4375,594064.625,114068.0336,0
1243,479461.6039,534551.1875,58802.9375,593354.125,114474.7162,0
1244,478345.6202,534551.1875,58091.75,592642.9375,114876.1765,0
1245,477234.1655,534551.1875,57380.1875,591931.375,115271.9489,0
1246,476128.0179,534551.1875,56668.5625,591219.75,115661.568,0
1247,475027.9541,534551.1875,55957.25,590508.4375,116044.5681,0
1248,473934.8145,534551.1875,55246.5625,589797.75,116420.4838,0
1249,472849.3762,534551.1875,54536.6875,589087.875,116788.8496,0
1250,471772.2913,534551.1875,53828.125,588379.3125,117149.1999,0
1251,470704.5226,534551.1875,53121.0625,587672.25,117501.0691,0
1252,469646.7288,534551.1875,52415.875,586967.0625,117843.9919,0
1253,468599.7396,534551.1875,51712.875,586264.0625,118177.5027,0
1254,467564.338,534551.1875,51012.375,585563.5625,118501.1358,0
1255,466541.3011,534551.1875,50314.625,584865.8125,118814.4259,0
1256,465531.3444,534551.1875,49620.0625,584171.25,119116.9074,0
1257,464535.3658,534551.1875,48928.9375,583480.125,119408.1148,0
1258,463554.0913,534551.1875,48241.5625,582792.75,119687.5824,0
1259,462588.2798,534551.1875,47558.25,582109.4375,119954.8449,0
1260,461638.7218,534551.1875,46879.3125,581430.5,120209.4367,0
1261,460706.1893,534551.1875,46205.125,580756.3125,120450.8924,0
1262,459791.525,534551.1875,45535.875,580087.0625,120678.8719,0
1263,458895.2564,534551.1875,44871.75,579422.9375,120893.5386,0
1264,458017.4052,534551.1875,44212.625,578763.8125,121095.1813,0
1265,457157.5583,534551.1875,43558.625,578109.8125,121284.0889,0
1266,456315.5523,534551.1875,42909.75,577460.9375,121460.5501,0
1267,455491.0946,534551.1875,42266,576817.1875,121624.8539,0
1268,454683.9047,534551.1875,41627.4375,576178.625,121777.2892,0
1269,453893.7541,534551.1875,40994.125,575545.3125,121918.1448,0
1270,453120.4103,534551.1875,40365.9375,574917.125,122047.7097,0
1271,452363.4694,534551.1875,39743,574294.1875,122166.2725,0
1272,451622.7607,534551.1875,39125.375,573676.5625,122274.1223,0
1273,450898.0622,534551.1875,38513,573064.1875,122371.5479,0
1274,450189.0193,534551.1875,37906,572457.1875,122458.8381,0
1275,449495.472,534551.1875,37304.25,571855.4375,122536.2819,0
1276,448817.0032,534551.1875,36707.9375,571259.125,122604.168,0
1277,448153.5152,534551.1875,36116.9375,570668.125,122662.7854,0
1278,447504.5911,534551.1875,35531.375,570082.5625,122712.4229,0
1279,446870.0707,534551.1875,34951.25,569502.4375,122753.3694,0
1280,446249.662,534551.1875,34376.5625,568927.75,122785.9137,0
1281,445643.0861,534551.1875,33807.375,568358.5625,122810.3449,0
1282,445050.0991,534551.1875,33243.6875,567794.875,122826.9516,0
1283,444470.4255,534551.1875,32685.5,567236.6875,122836.0227,0
1284,443903.7707,534551.1875,32132.875,566684.0625,122837.8471,0
1285,443349.9147,534551.1875,31585.8125,566137,122832.7137,0
1286,442808.5637,534551.1875,31044.375,565595.5625,122820.9115,0
1287,442279.4946,534551.1875,30508.5625,565059.75,122802.7291,0
1288,441762.4138,534551.1875,29978.375,564529.5625,122778.4556,0
1289,441257.0417,534551.1875,29453.875,564005.0625,122748.3796,0
1290,440763.1468,534551.1875,28935,563486.1875,122712.7903,0
1291,440280.3789,534551.1875,28421.9375,562973.125,122671.9762,0
1292,439808.6339,534551.1875,27914.5625,562465.75,122626.2265,0
1293,439347.5021,534551.1875,27412.9375,561964.125,122575.8298,0
1294,438896.7527,534551.1875,26917.125,561468.3125,122521.0752,0
1295,438456.1674,534551.1875,26427.125,560978.3125,122462.2514,0
1296,438025.4512,534551.1875,25942.9375,560494.125,122399.6474,0
1297,437604.3188,534551.1875,25464.625,560015.8125,122333.552,0
1298,437192.5415,534551.1875,24992.1875,559543.375,122264.254,0
1299,436789.8333,534551.1875,24525.625,559076.8125,122192.0423,0
1300,436395.9032,534551.1875,24065.0625,558616.25,122117.2058,0
1301,436010.5899,534551.1875,23610.4375,558161.625,122040.0334,0
1302,435633.54,534551.1875,23161.75,557712.9375,121960.8139,0
1303,435264.4673,534551.1875,22719.0625,557270.25,121879.8362,0
1304,434903.1435,534551.1875,22282.4375,556833.625,121797.3891,0
1305,434549.3445,534551.1875,21851.8125,556403,121713.7616,0
1306,434202.7173,534551.1875,21427.3125,555978.5,121629.2425,0
1307,433863.1002,534551.1875,21008.875,555560.0625,121544.1206,0
1308,433530.1403,534551.1875,20596.5625,555147.75,121458.6849,0
1309,433203.6134,534551.1875,20190.375,554741.5625,121373.2242,0
1310,432883.229,534551.1875,19790.375,554341.5625,121288.0273,0
1311,432568.7664,534551.1875,19396.625,553947.8125,121203.3832,0
1312,432259.9891,534551.1875,19009,553560.1875,121119.5806,0
1313,431956.4897,534551.1875,18627.625,553178.8125,121036.9085,0
1314,431658.1067,534551.1875,18252.5625,552803.75,120955.6557,0
1315,431364.612,534551.1875,17883.75,552434.9375,120876.1112,0
1316,431075.6532,534551.1875,17521.25,552072.4375,120798.5636,0
1317,430791.006,534551.1875,17165.125,551716.3125,120723.302,0
1318,430510.44,534551.1875,16815.3125,551366.5,120650.6153,0
1319,430233.6119,534551.1875,16471.875,551023.0625,120580.7922,0
1320,429960.29,534551.1875,16134.8125,550686,120514.1216,0
1321,429690.1876,534551.1875,15804.25,550355.4375,120450.8924,0
1322,429423.1402,534551.1875,15480.0625,550031.25,120391.3312,0
1323,429158.7972,534551.1875,15162.125,549713.3125,120335.4162,0
1324,428897.055,534551.1875,14850.1875,549401.375,120283.0631,0
1325,428637.7486,534551.1875,14544.0625,549095.25,120234.1878,0
1326,428380.774,534551.1875,14243.5625,548794.75,120188.7062,0
1327,428126.0288,534551.1875,13948.375,548499.5625,120146.534,0
1328,427873.2843,534551.1875,13658.375,548209.5625,120107.5872,0
1329,427622.5014,534551.1875,13373.25,547924.4375,120071.7814,0
1330,427373.4484,534551.1875,13092.9375,547644.125,120039.0326,0
1331,427126.1491,534551.1875,12817.0625,547368.25,120009.2567,0
1332,426880.3134,534551.1875,12545.5,547096.6875,119982.3695,0
1333,426635.9013,534551.1875,12277.9375,546829.125,119958.2867,0
1334,426392.6818,534551.1875,12014.3125,546565.5,119936.9243,0
1335,426150.6782,534551.1875,11754.3125,546305.5,119918.1981,0
1336,425909.6628,534551.1875,11497.6875,546048.875,119902.0239,0
1337,425669.4703,534551.1875,11244.3125,545795.5,119888.3176,0
1338,425430.0579,534551.1875,10993.875,545545.0625,119876.995,0
1339,425191.199,534551.1875,10746.25,545297.4375,119867.972,0
1340,424952.8526,534551.1875,10501.1875,545052.375,119861.1643,0
1341,424714.8535,534551.1875,10258.375,544809.5625,119856.4879,0
1342,424476.9723,534551.1875,10017.75,544568.9375,119853.8585,0
1343,424239.2335,534551.1875,9779.0625,544330.25,119853.1921,0
1344,424001.4662,534551.1875,9542,544093.1875,119854.4044,0
1345,423763.4463,534551.1875,9306.4375,543857.625,119857.4114,0
1346,423525.1327,534551.1875,9072.0625,543623.25,119862.1287,0
1347,423286.2964,534551.1875,8838.8125,543390,119868.4723,0
1348,423046.9596,534551.1875,8606.3125,543157.5,119876.3581,0
1349,422806.8306,534551.1875,8374.4375,542925.625,119885.7018,0
1350,422565.87,534551.1875,8143,542694.1875,119896.4193,0
1351,422323.9765,534551.1875,7911.6875,542462.875,119908.4264,0
1352,422080.9179,534551.1875,7680.3125,542231.5,119921.6391,0
1353,421836.5917,534551.1875,7448.6875,541999.875,119935.973,0
1354,421590.8969,534551.1875,7216.5625,541767.75,119951.3441,0
1355,421343.6616,534551.1875,6983.75,541534.9375,119967.6683,0
1356,421094.7975,534551.1875,6750.0625,541301.25,119984.8612,0
1357,420844.1864,534551.1875,6515.1875,541066.375,120002.8388,0
1358,420591.6036,534551.1875,6279,540830.1875,120021.517,0
1359,420337.012,534551.1875,6041.25,540592.4375,120040.8115,0
1360,420080.244,534551.1875,5801.6875,540352.875,120060.6382,0
1361,419821.1334,534551.1875,5560.1875,540111.375,120080.9129,0
1362,419559.6375,534551.1875,5316.375,539867.5625,120101.5516,0
1363,419295.4712,534551.1875,5070.1875,539621.375,120122.4701,0
1364,419028.6529,534551.1875,4821.375,539372.5625,120143.584,0
1365,418759.0164,534551.1875,4569.6875,539120.875,120164.8093,0
1366,418486.3941,534551.1875,4314.9375,538866.125,120186.0619,0
1367,418210.6888,534551.1875,4056.8125,538608,120207.2576,0
1368,417931.6692,534551.1875,3795.25,538346.4375,120228.3122,0
1369,417649.3557,534551.1875,3529.9375,538081.125,120249.1417,0
1370,417363.5181,534551.1875,3260.6875,537811.875,120269.6616,0
1371,417074.0605,534551.1875,2987.25,537538.4375,120289.7881,0
1372,416780.8132,534551.1875,2709.4375,537260.625,120309.4369,0
1373,416483.6717,534551.1875,2427,536978.1875,120328.5237,0
1374,416182.4676,534551.1875,2139.8125,536691,120346.9646,0
1375,415877.169,534551.1875,1847.5625,536398.75,120364.6752,0
1376,415567.5428,534551.1875,1550.0625,536101.25,120381.5715,0
1377,415253.4845,534551.1875,1247.0625,535798.25,120397.5693,0
1378,414934.8252,534551.1875,938.4375,535489.625,120412.5844,0
1379,414611.5345,534551.1875,623.875,535175.0625,120426.5328,0
1380,414283.3784,534551.1875,303.25,534854.4375,120439.3302,0
1381,413950.3134,534551.1875,-23.75,534527.4375,120450.8924,0
1382,413612.1133,534551.1875,-357.3125,534193.875,120461.1353,0
1383,413268.6771,534551.1875,-697.5625,533853.625,120469.9746,0
1384,412919.9611,534551.1875,-1044.875,533506.3125,120477.3265,0
1385,412565.6842,534551.1875,-1399.3125,533151.875,120483.1065,0
1386,412205.851,534551.1875,-1761.25,532789.9375,120487.2306,0
1387,411840.1817,534551.1875,-2130.75,532420.4375,120489.6145,0
1388,411468.6953,534551.1875,-2508.125,532043.0625,120490.1743,0
1389,411091.1667,534551.1875,-2893.5625,531657.625,120488.8256,0
1390,410707.489,534551.1875,-3287.25,531263.9375,120485.4843,0
1391,410317.569,534551.1875,-3689.4375,530861.75,120480.0663,0
1392,409921.2228,534551.1875,-4100.375,530450.8125,120472.4874,0
1393,409518.2964,534551.1875,-4520.25,530030.9375,120462.6634,0
1394,409108.6835,534551.1875,-4949.25,529601.9375,120450.5103,0
1395,408692.2833,534551.1875,-5387.625,529163.5625,120435.9437,0
1396,408268.9271,534551.1875,-5835.5625,528715.625,120418.8796,0
1397,407838.5182,534551.1875,-6293.3125,528257.875,120399.2338,0
1398,407400.8842,534551.1875,-6761.0625,527790.125,120376.9222,0
1399,406955.9351,534551.1875,-7239.0625,527312.125,120351.8606,0
1400,406503.4833,534551.1875,-7727.5,526823.6875,120323.9647,0
1401,406043.4369,534551.1875,-8226.5625,526324.625,120293.1506,0
1402,405575.6703,534551.1875,-8736.5625,525814.625,120259.3339,0
1403,405100.0155,534551.1875,-9257.625,525293.5625,120222.4306,0
1404,404616.3569,534551.1875,-9790,524761.1875,120182.3565,0
1405,404124.6027,534551.1875,-10333.9375,524217.25,120139.0274,0
1406,403624.5011,534551.1875,-10889.59375,523661.5938,120092.3592,0
1407,403116.0909,534551.1875,-11457.21875,523093.9688,120042.2678,0
1408,402599.1033,534551.1875,-12037.03125,522514.1563,119988.6689,0
1409,402073.4648,534551.1875,-12629.25,521921.9375,119931.4783,0
1410,401538.9962,534551.1875,-13234.0625,521317.125,119870.6119,0
1411,400995.6397,534551.1875,-13851.71875,520699.4688,119805.9858,0
1412,400443.1839,534551.1875,-14482.40625,520068.7813,119737.5154,0
1413,399881.5954,534551.1875,-15126.375,519424.8125,119665.1169,0
1414,399310.6323,534551.1875,-15783.8125,518767.375,119588.7059,0
1415,398730.2396,534551.1875,-16454.9375,518096.25,119508.1984,0
1416,398140.2408,534551.1875,-17140,517411.1875,119423.5101,0
1417,397540.5082,534551.1875,-17839.1875,516712,119334.5569,0
1418,396930.9473,534551.1875,-18552.71875,515998.4688,119241.2548,0
1419,396311.3843,534551.1875,-19280.8125,515270.375,119143.5194,0
1420,395681.702,534551.1875,-20023.6875,514527.5,119041.2667,0
1421,395041.7702,534551.1875,-20781.5625,513769.625,118934.4124,0
1422,394391.4495,534551.1875,-21554.625,512996.5625,118822.8725,0
1423,393730.6239,534551.1875,-22343.15625,512208.0313,118706.5626,0
1424,393059.1319,534551.1875,-23147.3125,511403.875,118585.3989,0
1425,392376.8478,534551.1875,-23967.34375,510583.8438,118459.2969,0
1426,391683.689,534551.1875,-24803.4375,509747.75,118328.1728,0
1427,390979.4805,534551.1875,-25655.84375,508895.3438,118191.942,0
1428,390264.0659,534551.1875,-26524.75,508026.4375,118050.5206,0
1429,389537.3569,534551.1875,-27410.40625,507140.7813,117903.8244,0
1430,388799.2032,534551.1875,-28313,506238.1875,117751.7693,0
1431,388049.4665,534551.1875,-29232.75,505318.4375,117594.2711,0
1432,387288.0404,534551.1875,-30169.90625,504381.2813,117431.2456,0
1433,386514.7369,534551.1875,-31124.625,503426.5625,117262.6087,0
1434,385729.496,534551.1875,-32097.15625,502454.0313,117088.2761,0
1435,384932.1466,534551.1875,-33087.75,501463.4375,116908.1638,0
1436,384122.5256,534551.1875,-34096.5625,500454.625,116722.1876,0
1437,383300.5572,534551.1875,-35123.84375,499427.3438,116530.2634,0
1438,382466.0713,534551.1875,-36169.8125,498381.375,116332.3069,0
1439,381619.0412,534551.1875,-37234.6875,497316.5,116128.234,0
1440,380759.1248,534551.1875,-38318.65625,496232.5313,115917.9606,0
